country,deleted,description,effective_date,end_date,form_name_classification,legacy_return_name,major,minor,preview_image,purpose,region,revision,scope_level_guess,status,tax_form_code,tax_form_name
CA,False,Vendors Return-Retail Sales Tax,2024-05-01T00:00:00,9999-12-31T00:00:00,likely_official_or_near_official,CNMB2234,1,0,https://s3-us-west-2.amazonaws.com/tax-form-catalog-prd-us-west-2-data/tax-form-catalog/png/bba38ceb-900e-4d75-93ac-b58c2b5f59a7.png,,MB,18,likely_state_or_province_level,PRODUCTION,CAMB2234,CA Manitoba MB2234
IN,False,INDIA GST ANX-01,1900-01-01T00:00:00,9999-12-31T00:00:00,likely_official_or_near_official,INGSTANX01,1,0,https://s3-us-west-2.amazonaws.com/tax-form-catalog-prd-us-west-2-data/tax-form-catalog/png/1c08bdc9-9f89-4944-befb-7c4c6d780f6c.png,,IN,1,likely_state_or_province_level,PRODUCTION,ININGSTANX01,India GST ANX 01
IN,False,INDIA GST ANX-02,1900-01-01T00:00:00,9999-12-31T00:00:00,likely_official_or_near_official,INGSTANX02,1,0,https://s3-us-west-2.amazonaws.com/tax-form-catalog-prd-us-west-2-data/tax-form-catalog/png/d99998b4-ed31-4322-8fdc-71c9f202b96a.png,,IN,2,likely_state_or_province_level,PRODUCTION,ININGSTANX02,India GST ANX 02
IN,False,INDIA GSTR-3B,2017-04-01T00:00:00,9999-12-31T00:00:00,likely_official_or_near_official,INGSTR3B,1,0,https://s3-us-west-2.amazonaws.com/tax-form-catalog-prd-us-west-2-data/tax-form-catalog/png/87056000-6fc6-418e-8ea0-17d70a581bb0.png,,IN,8,likely_state_or_province_level,PRODUCTION,ININGSTR3B,India GSTR 3B
IN,False,INDIA GST 8,2017-04-01T00:00:00,9999-12-31T00:00:00,likely_official_or_near_official,INGSTR8,1,0,https://s3-us-west-2.amazonaws.com/tax-form-catalog-prd-us-west-2-data/tax-form-catalog/png/a4afccc6-5388-4f5c-9753-0778a81bf7e0.png,,IN,1,likely_state_or_province_level,PRODUCTION,ININGSTR8,India GSTR 8
US,False,City of Dillingham 10% Sales Tax Report,2023-01-01T00:00:00,9999-12-31T00:00:00,likely_official_or_near_official,AKDILLINGHAM10,1,0,https://s3-us-west-2.amazonaws.com/tax-form-catalog-prd-us-west-2-data/tax-form-catalog/png/adaf9edc-9583-4b52-a7cb-4cc104f9a428.png,,AK,8,likely_state_or_province_level,PRODUCTION,USAKDILLINGHAM10,AK Dillingham 10
US,False,Sales Tax Return,2025-09-01T00:00:00,9999-12-31T00:00:00,likely_official_or_near_official,AL2100,1,0,https://s3-us-west-2.amazonaws.com/tax-form-catalog-prd-us-west-2-data/tax-form-catalog/png/8580c2fa-f2b6-4fcf-a8cb-471be757a8aa.png,,AL,26,likely_state_or_province_level,PRODUCTION,USAL2100,AL 2100
US,False,Sales Tax Return With Estimated Payment,2025-09-01T00:00:00,9999-12-31T00:00:00,likely_official_or_near_official,AL2105,1,0,https://s3-us-west-2.amazonaws.com/tax-form-catalog-prd-us-west-2-data/tax-form-catalog/png/642b3b2a-aede-4a07-a1d7-e4f3a3058d0d.png,,AL,16,likely_state_or_province_level,PRODUCTION,USAL2105,AL 2105
US,False,Rental Tax Return,2010-05-01T00:00:00,9999-12-31T00:00:00,likely_official_or_near_official,AL2410,1,0,https://s3-us-west-2.amazonaws.com/tax-form-catalog-prd-us-west-2-data/tax-form-catalog/png/80c2d350-58d7-44db-a0a5-5a8fbe7eb7bd.png,,AL,9,likely_state_or_province_level,PRODUCTION,USAL2410,AL 2410
US,False,Sellers Use Tax Return,2025-09-01T00:00:00,9999-12-31T00:00:00,likely_official_or_near_official,AL2620,1,0,https://s3-us-west-2.amazonaws.com/tax-form-catalog-prd-us-west-2-data/tax-form-catalog/png/ee491ef3-9743-493e-808a-51fc73aa51e9.png,,AL,24,likely_state_or_province_level,PRODUCTION,USAL2620,AL 2620
US,False,Alabama State Simplified Sellers Use Tax Return,2021-10-01T00:00:00,9999-12-31T00:00:00,likely_official_or_near_official,AL2630,1,0,https://s3-us-west-2.amazonaws.com/tax-form-catalog-prd-us-west-2-data/tax-form-catalog/png/ef5123a9-09f0-4727-8e2a-be53ddb19b92.png,,AL,34,likely_state_or_province_level,PRODUCTION,USAL2630,AL 2630
US,False,State-Administered Local Tax Return (Must add non-state administered local tax forms separately),2024-12-01T00:00:00,9999-12-31T00:00:00,likely_official_or_near_official,AL9501,1,0,https://s3-us-west-2.amazonaws.com/tax-form-catalog-prd-us-west-2-data/tax-form-catalog/png/588aaa74-5e00-4766-9968-78a9a894703e.png,,AL,106,likely_state_or_province_level,PRODUCTION,USAL9501,AL 9501
US,False,Alabama State Consumers Use Tax Return,2025-09-01T00:00:00,9999-12-31T00:00:00,likely_official_or_near_official,ALSU2610,1,0,https://s3-us-west-2.amazonaws.com/tax-form-catalog-prd-us-west-2-data/tax-form-catalog/png/5fcf5cce-35a0-4ebc-82fa-1efca509c994.png,,AL,10,likely_state_or_province_level,PRODUCTION,USALSU2610,AL 2610
US,False,Arkansas Excise Tax Return,2026-01-01T00:00:00,9999-12-31T00:00:00,likely_official_or_near_official,ARET1,1,0,https://s3-us-west-2.amazonaws.com/tax-form-catalog-prd-us-west-2-data/tax-form-catalog/png/e20aba60-cdf4-458f-8e34-90510026f073.png,,AR,210,likely_state_or_province_level,PRODUCTION,USARET1,AR ET1
US,False,(05/05) Sales Tax Return,2018-07-01T00:00:00,9999-12-31T00:00:00,likely_official_or_near_official,AZNAV600,1,0,https://s3-us-west-2.amazonaws.com/tax-form-catalog-prd-us-west-2-data/tax-form-catalog/png/881d2c23-b862-49ba-b1a4-8a55726796d1.png,,AZ,3,likely_state_or_province_level,PRODUCTION,USAZNAV600,AZ Navajo 600
US,False,"Transaction Privilege, Use and Severance Tax Return TPT-1",2016-02-01T00:00:00,2016-05-31T00:00:00,likely_official_or_near_official,AZTPT1,1,0,https://s3-us-west-2.amazonaws.com/tax-form-catalog-prd-us-west-2-data/tax-form-catalog/png/ed674ba3-96a1-456d-b8ee-f7ad0d98c717.png,,AZ,30,likely_state_or_province_level,PRODUCTION,USAZTPT1,AZ TPT1
US,False,"Transaction Privilege, Use and Severance Tax Return - (TPT-2)",2026-01-01T00:00:00,9999-12-31T00:00:00,likely_official_or_near_official,AZTPT2,1,0,https://s3-us-west-2.amazonaws.com/tax-form-catalog-prd-us-west-2-data/tax-form-catalog/png/34f65731-3a60-472d-b731-876b4422f5f8.png,,AZ,347,likely_state_or_province_level,PRODUCTION,USAZTPT2,AZ TPT2
US,False,Prepayment Form for Sales and Use Tax Filers,2010-09-01T00:00:00,2018-12-31T00:00:00,likely_official_or_near_official,CABOE1150,1,0,https://s3-us-west-2.amazonaws.com/tax-form-catalog-prd-us-west-2-data/tax-form-catalog/png/bdbe58c3-c0f4-449f-a928-e5264a164471.png,,CA,2,likely_state_or_province_level,PRODUCTION,USCABOE1150,CA BOE 1150
US,False,"State, Local, and District Sales and Use Tax Return",2017-10-01T00:00:00,2017-12-31T00:00:00,likely_official_or_near_official,CABOE401A2,1,0,https://s3-us-west-2.amazonaws.com/tax-form-catalog-prd-us-west-2-data/tax-form-catalog/png/1aef63a9-bb05-438c-b260-398cbaad94f2.png,,CA,99,likely_state_or_province_level,PRODUCTION,USCABOE401A2,CA BOE 401 A2
US,False,"State, Local, and District Sales and Use Tax Return with Schedule C",2017-10-01T00:00:00,2017-12-31T00:00:00,likely_official_or_near_official,CABOE401A2OUTLET,1,0,https://s3-us-west-2.amazonaws.com/tax-form-catalog-prd-us-west-2-data/tax-form-catalog/png/c68c5f8f-23e6-484e-b0f2-2ab75fae1124.png,,CA,74,likely_state_or_province_level,PRODUCTION,USCABOE401A2OUTLET,CA BOE 401 A2 Outlet
US,False,"State, Local, and District Sales and Use Tax Return- Split",2017-10-01T00:00:00,9999-12-31T00:00:00,likely_official_or_near_official,CABOE401A2SPLIT,1,0,https://s3-us-west-2.amazonaws.com/tax-form-catalog-prd-us-west-2-data/tax-form-catalog/png/0b6ed6fa-2491-441f-ac1d-371e92b7cc4f.png,,CA,11,likely_state_or_province_level,PRODUCTION,USCABOE401A2SPLIT,CA BOE 401 A2 Split
US,False,Schedule F - Detailed Allocation by City of 1% Combined Rate,2016-11-01T00:00:00,2018-03-31T00:00:00,likely_official_or_near_official,CABOE531F,1,0,https://s3-us-west-2.amazonaws.com/tax-form-catalog-prd-us-west-2-data/tax-form-catalog/png/6a01c709-f530-4118-875e-b157223db12d.png,,CA,3,likely_state_or_province_level,PRODUCTION,USCABOE531F,CA BOE 531 F
US,False,"State, Local, and District Sales and Use Tax Return",2026-01-01T00:00:00,9999-12-31T00:00:00,likely_official_or_near_official,CACDTFA401A2,1,0,https://s3-us-west-2.amazonaws.com/tax-form-catalog-prd-us-west-2-data/tax-form-catalog/png/e638c0ef-26ad-4cd6-a528-260388c5cdab.png,,CA,375,likely_state_or_province_level,PRODUCTION,USCACDTFA401A2,CA CDTFA 401 A2
US,False,"State, Local, and District Sales and Use Tax Return with Schedule C",2025-04-01T00:00:00,2025-06-30T00:00:00,likely_official_or_near_official,CACDTFA401A2OUTLET,1,0,https://s3-us-west-2.amazonaws.com/tax-form-catalog-prd-us-west-2-data/tax-form-catalog/png/536f3ff7-c49f-420f-bfda-58564f706fec.png,,CA,295,likely_state_or_province_level,PRODUCTION,USCACDTFA401A2OUTLET,CA CDTFA 401 A2 OUTLET
US,False,"State, Local, and District Consumer Use Tax Return",2026-01-01T00:00:00,9999-12-31T00:00:00,likely_official_or_near_official,CACDTFA401E,1,0,https://s3-us-west-2.amazonaws.com/tax-form-catalog-prd-us-west-2-data/tax-form-catalog/png/24e51ca8-a241-4cc0-a46a-dc7a2adc680d.png,,CA,196,likely_state_or_province_level,PRODUCTION,USCACDTFA401E,CA CDTFA 401 E
US,False,Schedule H -  Detailed Allocation by City of 1% Combined Rate,2018-01-01T00:00:00,2018-03-31T00:00:00,likely_official_or_near_official,CACDTFA531H,1,0,https://s3-us-west-2.amazonaws.com/tax-form-catalog-prd-us-west-2-data/tax-form-catalog/png/050022e3-69d1-42bc-8db5-a4bdf4c3f398.png,,CA,2,likely_state_or_province_level,PRODUCTION,USCACDTFA531H,CA CDTFA 531 H
US,False,Colorado Retail Sales Tax Return,2026-01-01T00:00:00,9999-12-31T00:00:00,likely_official_or_near_official,CODR0100,1,0,https://s3-us-west-2.amazonaws.com/tax-form-catalog-prd-us-west-2-data/tax-form-catalog/png/b2b45744-6a43-4983-a3f1-5a8576b57fd0.png,,CO,140,likely_state_or_province_level,PRODUCTION,USCODR0100,CO DR0100
US,False,Colorado Retail Sales Tax Return for Outlets,2016-01-01T00:00:00,9999-12-31T00:00:00,likely_official_or_near_official,CODR0100CS,1,0,https://s3-us-west-2.amazonaws.com/tax-form-catalog-prd-us-west-2-data/tax-form-catalog/png/78525aa0-3360-4c0b-9e49-22e38b92d349.png,,CO,343,likely_state_or_province_level,PRODUCTION,USCODR0100CS,CO DR 0100 for Outlets
US,False,Retailer's Use Tax Return,2026-01-01T00:00:00,9999-12-31T00:00:00,likely_official_or_near_official,CODR0173,1,0,https://s3-us-west-2.amazonaws.com/tax-form-catalog-prd-us-west-2-data/tax-form-catalog/png/2a7e8367-9b12-43a3-89cc-fd54e1a0c43d.png,,CO,94,likely_state_or_province_level,PRODUCTION,USCODR0173,CO DR 0173
US,False,Consumer Use Tax Return,2025-01-01T00:00:00,9999-12-31T00:00:00,likely_official_or_near_official,CODR0252,1,0,https://s3-us-west-2.amazonaws.com/tax-form-catalog-prd-us-west-2-data/tax-form-catalog/png/fdfdf2ef-30c2-457d-976a-3f650ee8007f.png,,CO,42,likely_state_or_province_level,PRODUCTION,USCODR0252,CO DR 0252
US,False,Colorado Retail Fee Delivery Return,2025-07-01T00:00:00,9999-12-31T00:00:00,likely_official_or_near_official,CODR1786,1,0,https://s3-us-west-2.amazonaws.com/tax-form-catalog-prd-us-west-2-data/tax-form-catalog/png/44ce03b7-9741-4634-8ac8-384e46fee4fc.png,,CO,20,likely_state_or_province_level,PRODUCTION,USCODR1786,CO DR 1786
US,False,Sales and Use Tax Return,2022-02-01T00:00:00,9999-12-31T00:00:00,likely_official_or_near_official,CTOS114,1,0,https://s3-us-west-2.amazonaws.com/tax-form-catalog-prd-us-west-2-data/tax-form-catalog/png/fee48fc6-f910-40c9-a287-2570bd3ed1d0.png,,CT,100,likely_state_or_province_level,PRODUCTION,USCTOS114,CT OS 114
US,False,Sales and Use Tax Return,2025-10-01T00:00:00,9999-12-31T00:00:00,likely_official_or_near_official,DCFR800,1,0,https://s3-us-west-2.amazonaws.com/tax-form-catalog-prd-us-west-2-data/tax-form-catalog/png/92d54753-864f-4d47-91a0-4ee620c1ab95.png,,DC,37,likely_state_or_province_level,PRODUCTION,USDCFR800,DC FR 800
US,False,Sales and Use Tax Annual Return,2020-01-01T00:00:00,2022-10-31T00:00:00,likely_official_or_near_official,DCFR800A,1,0,https://s3-us-west-2.amazonaws.com/tax-form-catalog-prd-us-west-2-data/tax-form-catalog/png/8acb7962-96ad-4680-a8d6-ee5572df25d5.png,,DC,34,likely_state_or_province_level,PRODUCTION,USDCFR800A,DC FR 800A
US,False,Sales and Use Tax Monthly Return,2019-10-01T00:00:00,2022-10-31T00:00:00,likely_official_or_near_official,DCFR800M,1,0,https://s3-us-west-2.amazonaws.com/tax-form-catalog-prd-us-west-2-data/tax-form-catalog/png/04795bee-2641-4522-b7a4-97f1ce1da678.png,,DC,40,likely_state_or_province_level,PRODUCTION,USDCFR800M,DC FR 800M
US,False,Sales and Use Tax Quarterly Return,2019-10-01T00:00:00,2022-10-31T00:00:00,likely_official_or_near_official,DCFR800Q,1,0,https://s3-us-west-2.amazonaws.com/tax-form-catalog-prd-us-west-2-data/tax-form-catalog/png/fc728aae-7075-43b5-8d7c-46db22cbca5d.png,,DC,31,likely_state_or_province_level,PRODUCTION,USDCFR800Q,DC FR 800Q
US,False,Monthly Gross Receipts Tax Return,2016-10-01T00:00:00,9999-12-31T00:00:00,likely_official_or_near_official,DELM29501,1,0,https://s3-us-west-2.amazonaws.com/tax-form-catalog-prd-us-west-2-data/tax-form-catalog/png/9d246627-ddf9-409c-a55c-f09f2aed4aed.png,,DE,16,likely_state_or_province_level,PRODUCTION,USDELM29501,DE LM2  9501
US,False,Quarterly Gross Receipts Tax Return,2016-10-01T00:00:00,9999-12-31T00:00:00,likely_official_or_near_official,DELQ29501,1,0,https://s3-us-west-2.amazonaws.com/tax-form-catalog-prd-us-west-2-data/tax-form-catalog/png/e82b78f5-7ee1-44c2-adbc-5d86385a4c73.png,,DE,15,likely_state_or_province_level,PRODUCTION,USDELQ29501,DE LQ2 9501
US,False,Division of Revenue Contractors Gross Receipts Tax Return- Quarterly,2016-10-01T00:00:00,9999-12-31T00:00:00,likely_official_or_near_official,DELQ39501Q,1,0,https://s3-us-west-2.amazonaws.com/tax-form-catalog-prd-us-west-2-data/tax-form-catalog/png/093056fe-d571-4399-949b-0d7eb04f65ac.png,,DE,9,likely_state_or_province_level,PRODUCTION,USDELQ39501Q,DE LQ3 9501Q
US,False,Gross Receipts Tax Return Form -  LQ7 0601 - MV 603 Lessor,1900-01-01T00:00:00,9999-12-31T00:00:00,likely_official_or_near_official,DELQ70601LESSOR,1,0,https://s3-us-west-2.amazonaws.com/tax-form-catalog-prd-us-west-2-data/tax-form-catalog/png/b14147c6-e9bb-4565-9174-1e0b9f46c482.png,,DE,9,likely_state_or_province_level,PRODUCTION,USDELQ70601LESSOR,DE LQ7 0601 LESSOR
US,False,Gross Receipts Tax Return Form LQ8 0601 - MV 613 Lessee,1900-01-01T00:00:00,9999-12-31T00:00:00,likely_official_or_near_official,DELQ80601LESSEE,1,0,https://s3-us-west-2.amazonaws.com/tax-form-catalog-prd-us-west-2-data/tax-form-catalog/png/38f0d727-b05b-40ce-b4ff-0f81196300ce.png,,DE,6,likely_state_or_province_level,PRODUCTION,USDELQ80601LESSEE,DE LQ8 0601 LESSEE
US,False,Sales and Use Tax Return,2026-01-01T00:00:00,9999-12-31T00:00:00,likely_official_or_near_official,FLDR15,2,0,https://s3-us-west-2.amazonaws.com/tax-form-catalog-prd-us-west-2-data/tax-form-catalog/png/6321fb2e-46f0-4e92-9b62-b20c0100377d.png,,FL,172,likely_state_or_province_level,PRODUCTION,USFLDR15,FL DR15
US,False,Solid Waste and Surcharge Return,2018-06-01T00:00:00,9999-12-31T00:00:00,likely_official_or_near_official,FLDR15SW,1,0,https://s3-us-west-2.amazonaws.com/tax-form-catalog-prd-us-west-2-data/tax-form-catalog/png/a488cb52-90cf-42f2-896f-624876ad4111.png,,FL,4,likely_state_or_province_level,PRODUCTION,USFLDR15SW,FL DR15 SW
US,False,GA ST-3 Outlet,2022-10-01T00:00:00,9999-12-31T00:00:00,likely_official_or_near_official,GAST3OUTLET,1,0,https://s3-us-west-2.amazonaws.com/tax-form-catalog-prd-us-west-2-data/tax-form-catalog/png/72056c29-1c0d-49c7-adaa-ffd5a3bea1c6.png,,GA,116,likely_state_or_province_level,PRODUCTION,USGAST3OUTLET,GA ST3 Schedule for Outlets
US,False,Sales and Use Tax Return,2022-10-01T00:00:00,9999-12-31T00:00:00,likely_official_or_near_official,GAST3SALES,1,0,https://s3-us-west-2.amazonaws.com/tax-form-catalog-prd-us-west-2-data/tax-form-catalog/png/97e07412-3a4f-4424-8737-a94b515a524d.png,,GA,164,likely_state_or_province_level,PRODUCTION,USGAST3SALES,GA ST3 Sales
US,False,"Monthly Gross Receipts, Use, and Occupancy Tax Return",2025-11-01T00:00:00,9999-12-31T00:00:00,likely_official_or_near_official,GUGRT1,1,0,https://s3-us-west-2.amazonaws.com/tax-form-catalog-prd-us-west-2-data/tax-form-catalog/png/b9e936f0-afd8-4ab9-8fd9-d93b603016ac.png,,GU,17,likely_state_or_province_level,PRODUCTION,USGUGRT1,GU GRT 1
US,False,General Excise/Use Tax Return,2024-01-01T00:00:00,9999-12-31T00:00:00,likely_official_or_near_official,HIG45,1,0,https://s3-us-west-2.amazonaws.com/tax-form-catalog-prd-us-west-2-data/tax-form-catalog/png/ecd9c325-3327-4e02-8e48-25a63fa2306d.png,,HI,196,likely_state_or_province_level,PRODUCTION,USHIG45,HI G 45
US,False,General Excise/Use Tax Annual Return and Reconciliation,2024-01-01T00:00:00,9999-12-31T00:00:00,likely_official_or_near_official,HIG49,1,0,https://s3-us-west-2.amazonaws.com/tax-form-catalog-prd-us-west-2-data/tax-form-catalog/png/3df79e15-240b-4be5-b7be-71f8650daa01.png,,HI,127,likely_state_or_province_level,PRODUCTION,USHIG49,HI G 49
US,False,Sales Tax Quarterly/Annual Worksheet,2011-10-01T00:00:00,9999-12-31T00:00:00,likely_official_or_near_official,IA31003,1,0,https://s3-us-west-2.amazonaws.com/tax-form-catalog-prd-us-west-2-data/tax-form-catalog/png/3ee1f762-5631-490b-9757-1f9086e9ba93.png,,IA,7,likely_state_or_province_level,PRODUCTION,USIA31003,IA 31003
US,False,Iowa State Retailer's Use Tax Return for a Single Location,2022-02-01T00:00:00,9999-12-31T00:00:00,likely_official_or_near_official,IA32022,1,0,https://s3-us-west-2.amazonaws.com/tax-form-catalog-prd-us-west-2-data/tax-form-catalog/png/98364e9f-e148-44d8-bd39-81580a3dafd7.png,,IA,92,likely_state_or_province_level,PRODUCTION,USIA32022,IA 32022
US,False,Iowa State Sales/Retailer's Use Tax Return for Multiple Locations,2022-02-01T00:00:00,2022-06-30T00:00:00,likely_official_or_near_official,IA32022OUTLETS,1,0,https://s3-us-west-2.amazonaws.com/tax-form-catalog-prd-us-west-2-data/tax-form-catalog/png/3e7e14d4-dc3e-4e71-abe9-96955cb2047d.png,,IA,49,likely_state_or_province_level,PRODUCTION,USIA32022OUTLETS,IA 32022 for Outlets
US,False,Iowa Consumers Use Tax Return,2022-02-01T00:00:00,9999-12-31T00:00:00,likely_official_or_near_official,IA32024,1,0,https://s3-us-west-2.amazonaws.com/tax-form-catalog-prd-us-west-2-data/tax-form-catalog/png/051e44a8-074e-42ac-8357-6666e462b1e8.png,,IA,4,likely_state_or_province_level,PRODUCTION,USIA32024,IA 32 024
US,False,Iowa Sales and Use Tax Return,2025-08-01T00:00:00,9999-12-31T00:00:00,likely_official_or_near_official,IA32028,1,0,https://s3-us-west-2.amazonaws.com/tax-form-catalog-prd-us-west-2-data/tax-form-catalog/png/0b868b71-050e-470c-b624-8b052723aa1d.png,,IA,76,likely_state_or_province_level,PRODUCTION,USIA32028,IA 32028
US,False,Idaho Sales and Use Tax Return,2019-06-01T00:00:00,9999-12-31T00:00:00,likely_official_or_near_official,ID850,1,0,https://s3-us-west-2.amazonaws.com/tax-form-catalog-prd-us-west-2-data/tax-form-catalog/png/aea3d42f-836a-4380-b7a6-ac9fee1266f7.png,,ID,36,likely_state_or_province_level,PRODUCTION,USID850,ID 850
US,False,Illinois Automobile Renting Occupation and Use Tax Return,2024-10-01T00:00:00,9999-12-31T00:00:00,likely_official_or_near_official,ILART1,1,0,https://s3-us-west-2.amazonaws.com/tax-form-catalog-prd-us-west-2-data/tax-form-catalog/png/7a9059e7-6783-4227-a423-c6fab76c0217.png,,IL,3,likely_state_or_province_level,PRODUCTION,USILART1,IL ART 1
US,False,Lease Rental Tax Return Annual Reconciliation,2024-07-01T00:00:00,9999-12-31T00:00:00,likely_official_or_near_official,ILCHICAGOLEASE,1,0,https://s3-us-west-2.amazonaws.com/tax-form-catalog-prd-us-west-2-data/tax-form-catalog/png/b4ca5b5c-2d84-4bf7-8ea1-588ed4fccdeb.png,,IL,51,likely_state_or_province_level,PRODUCTION,USILCHICAGO7550,IL Chicago 7550 (1)
US,False,Chicago Motor Vehicle Lessor Form 7575,2005-05-01T00:00:00,9999-12-31T00:00:00,likely_official_or_near_official,ILCHICAGO7575,1,0,https://s3-us-west-2.amazonaws.com/tax-form-catalog-prd-us-west-2-data/tax-form-catalog/png/717cccf8-caec-4c9e-845f-cce4702cc80e.png,,IL,3,likely_state_or_province_level,PRODUCTION,USILCHICAGO7575,IL CHICAGO 7575
US,False,City of Chicago NonTitled Personal Property Use Tax,2016-10-01T00:00:00,9999-12-31T00:00:00,likely_official_or_near_official,ILCHICAGO8402B,1,0,https://s3-us-west-2.amazonaws.com/tax-form-catalog-prd-us-west-2-data/tax-form-catalog/png/b734a90c-5a04-47a7-b908-cec75c8143ce.png,,IL,6,likely_state_or_province_level,PRODUCTION,USILCHICAGO8402B,IL Chicago 8402B
US,False,(2006) Nontitled Personal Ppty Use Retai,2016-10-01T00:00:00,9999-12-31T00:00:00,likely_official_or_near_official,USILCHICAGORET,1,0,https://s3-us-west-2.amazonaws.com/tax-form-catalog-prd-us-west-2-data/tax-form-catalog/png/9d75cf13-666f-4ee0-829c-b8eea7a5158c.png,,IL,6,likely_state_or_province_level,PRODUCTION,USILILCHICAGORET,IL Chicago 8403
US,False,Voluntary Disclosure Form for Sales and Use Tax and E911 Surcharge,2021-01-01T00:00:00,9999-12-31T00:00:00,likely_official_or_near_official,ILPRD6PRD7,1,0,https://s3-us-west-2.amazonaws.com/tax-form-catalog-prd-us-west-2-data/tax-form-catalog/png/065f52dc-a780-4caf-93c4-051789206a7a.png,,IL,21,likely_state_or_province_level,PRODUCTION,USILPRD6PRD7,IL PRD6 PRD7
US,False,Sales and Use Tax and E911 Surcharge Return,2026-01-01T00:00:00,9999-12-31T00:00:00,likely_official_or_near_official,ILST1,1,0,https://s3-us-west-2.amazonaws.com/tax-form-catalog-prd-us-west-2-data/tax-form-catalog/png/12b196c3-9930-4ad4-ab09-8b1a3da28516.png,,IL,373,likely_state_or_province_level,PRODUCTION,USILST1,IL ST1
US,False,Multiple Site Sales and Use Tax Return,2020-09-01T00:00:00,2021-12-31T00:00:00,likely_official_or_near_official,ILST1ST2,1,0,https://s3-us-west-2.amazonaws.com/tax-form-catalog-prd-us-west-2-data/tax-form-catalog/png/5079e1aa-d37d-4398-8311-a04e283e7766.png,,IL,123,likely_state_or_province_level,PRODUCTION,USILST1ST2,IL ST1 ST2
US,False,Placeholder for manual web-filing,1900-01-01T00:00:00,9999-12-31T00:00:00,likely_official_or_near_official,ILST1ST2LOC140,1,0,https://s3-us-west-2.amazonaws.com/tax-form-catalog-prd-us-west-2-data/tax-form-catalog/png/bead0117-3f93-4b18-98de-81a8f79d76f1.png,,IL,4,likely_state_or_province_level,PRODUCTION,USILST1ST2LOC140,IL ST 1 ST 2 Locations 140
US,False,Illinois Sales and Use Tax Amendment Return,1900-01-01T00:00:00,9999-12-31T00:00:00,likely_official_or_near_official,ILST1X,1,0,https://s3-us-west-2.amazonaws.com/tax-form-catalog-prd-us-west-2-data/tax-form-catalog/png/c1b05abe-4beb-49ea-9f71-9c3166f11959.png,,IL,6,likely_state_or_province_level,PRODUCTION,USILST1X,IL ST1X
US,False,Sales and Use Tax,2019-01-01T00:00:00,9999-12-31T00:00:00,likely_official_or_near_official,INST103,1,0,https://s3-us-west-2.amazonaws.com/tax-form-catalog-prd-us-west-2-data/tax-form-catalog/png/1c9257fd-da04-47a4-bf39-5a33fc32272c.png,,IN,87,likely_state_or_province_level,PRODUCTION,USINST103,IN ST103
US,False,Kansas Consumers' Compensating Use Tax Return,2025-07-01T00:00:00,9999-12-31T00:00:00,likely_official_or_near_official,KSCT10U,1,0,https://s3-us-west-2.amazonaws.com/tax-form-catalog-prd-us-west-2-data/tax-form-catalog/png/ab2dfc9b-18ff-4dcf-b22d-04ae0a19d183.png,,KS,27,likely_state_or_province_level,PRODUCTION,USKSCT10U,KS CT 10U
US,False,Kansas Retailers' Compensation Use Tax Return,2025-07-01T00:00:00,9999-12-31T00:00:00,likely_official_or_near_official,KSCT9U,1,0,https://s3-us-west-2.amazonaws.com/tax-form-catalog-prd-us-west-2-data/tax-form-catalog/png/1b2fb0bc-ea03-4f1a-bb81-4bb4fbe57733.png,,KS,86,likely_state_or_province_level,PRODUCTION,USKSCT9U,KS CT 9U
US,False,(01/08) Consumers Compensating Use,2005-07-01T00:00:00,2016-11-30T00:00:00,likely_official_or_near_official,CUKS,1,0,https://s3-us-west-2.amazonaws.com/tax-form-catalog-prd-us-west-2-data/tax-form-catalog/png/c8c3ff04-d04e-46ea-aa8c-9cb6bfbfcfe6.png,,KS,2,likely_state_or_province_level,PRODUCTION,USKSKS,KS CT-10U UV
US,False,EXPIRED - Kansas Retailers' Sales Tax Return,2022-10-01T00:00:00,2022-12-31T00:00:00,likely_official_or_near_official,KSST16,1,0,https://s3-us-west-2.amazonaws.com/tax-form-catalog-prd-us-west-2-data/tax-form-catalog/png/59bd5706-71c9-4a3b-aabd-514e45616bc3.png,,KS,21,likely_state_or_province_level,PRODUCTION,USKSST16,KS ST16
US,False,Kansas Retailers' Sales Tax Return (long form),2025-07-01T00:00:00,9999-12-31T00:00:00,likely_official_or_near_official,KSST36,1,0,https://s3-us-west-2.amazonaws.com/tax-form-catalog-prd-us-west-2-data/tax-form-catalog/png/6a9acc96-795d-49c3-a267-016b162aded3.png,,KS,60,likely_state_or_province_level,PRODUCTION,USKSST36,KS ST36
US,False,Magnolia Marketplace Sales Tax Return,1900-01-01T00:00:00,9999-12-31T00:00:00,likely_official_or_near_official,LAMAGNOLIAMARKETPLACE,1,0,https://s3-us-west-2.amazonaws.com/tax-form-catalog-prd-us-west-2-data/tax-form-catalog/png/3c5078af-c564-4bd5-b645-795c33df9560.png,,LA,5,likely_state_or_province_level,PRODUCTION,USLAMAGNOLIAMARKETPLACE,LA Magnolia 8000G
US,False,RIVERWALK/SPANISH PLAZA ADDITIONAL 2% SALES TAX RETURN,1900-01-01T00:00:00,9999-12-31T00:00:00,likely_official_or_near_official,LANEWORLEANS8000R,1,0,https://s3-us-west-2.amazonaws.com/tax-form-catalog-prd-us-west-2-data/tax-form-catalog/png/ffb76633-1ed5-4fad-bdde-7aadf6c04b6c.png,,LA,4,likely_state_or_province_level,PRODUCTION,USLANEWORLEANS8000R,LA New Orleans Riverwalk 8000R
US,False,Orleans Parish Local Sales & Use Tax Return (City of New Orleans),2026-01-01T00:00:00,9999-12-31T00:00:00,likely_official_or_near_official,LANEWORLEANS8071,1,0,https://s3-us-west-2.amazonaws.com/tax-form-catalog-prd-us-west-2-data/tax-form-catalog/png/e403ab52-505e-4007-a756-d60138e6cda6.png,,LA,61,likely_state_or_province_level,PRODUCTION,USLANEWORLEANS8071,LA New Orleans 8071
US,False,Sales Tax Return,2025-01-01T00:00:00,9999-12-31T00:00:00,likely_official_or_near_official,LAR1029A,1,0,https://s3-us-west-2.amazonaws.com/tax-form-catalog-prd-us-west-2-data/tax-form-catalog/png/1b844217-19b6-488e-92e2-8134d7587037.png,,LA,175,likely_state_or_province_level,PRODUCTION,USLAR1029A,LA R1029 A
US,False,Louisiana State Direct Marketer Sales Tax Return (update in tax type setting required),2025-01-01T00:00:00,9999-12-31T00:00:00,likely_official_or_near_official,LAR1031,1,0,https://s3-us-west-2.amazonaws.com/tax-form-catalog-prd-us-west-2-data/tax-form-catalog/png/b7c5e7d6-41dc-49a6-8d40-d9dde8fa781f.png,,LA,42,likely_state_or_province_level,PRODUCTION,USLAR1031,LA R1031
US,False,Business Use Tax Return,1900-01-01T00:00:00,9999-12-31T00:00:00,likely_official_or_near_official,MAST10,1,0,https://s3-us-west-2.amazonaws.com/tax-form-catalog-prd-us-west-2-data/tax-form-catalog/png/1bcc136e-f51a-4283-bd61-c3267cb2cb37.png,,MA,3,likely_state_or_province_level,PRODUCTION,USMAST10,MA ST 10
US,False,Sales and Use Tax Return,2019-11-01T00:00:00,9999-12-31T00:00:00,likely_official_or_near_official,MAST9,1,0,https://s3-us-west-2.amazonaws.com/tax-form-catalog-prd-us-west-2-data/tax-form-catalog/png/4fc5e45c-edec-4e54-83df-8e77d983f97d.png,,MA,32,likely_state_or_province_level,PRODUCTION,USMAST9,MA ST9
US,False,Annual Sales and Tax Return,2009-09-01T00:00:00,2015-12-31T00:00:00,likely_official_or_near_official,MAST9A,1,0,https://s3-us-west-2.amazonaws.com/tax-form-catalog-prd-us-west-2-data/tax-form-catalog/png/b472bb4a-2ecd-48f1-8761-d0b85463b196.png,,MA,3,likely_state_or_province_level,PRODUCTION,USMAST9A,MA ST 9A
US,False,Quarterly Sales and Tax Return,2009-09-01T00:00:00,2015-12-31T00:00:00,likely_official_or_near_official,MAST9Q,1,0,https://s3-us-west-2.amazonaws.com/tax-form-catalog-prd-us-west-2-data/tax-form-catalog/png/2f82148e-882f-4a1f-a9de-0179871c3a21.png,,MA,3,likely_state_or_province_level,PRODUCTION,USMAST9Q,MA ST 9Q
US,False,Sales Tax on Meal And Beverages Return,1900-01-01T00:00:00,9999-12-31T00:00:00,likely_official_or_near_official,MASTMAB4,1,0,https://s3-us-west-2.amazonaws.com/tax-form-catalog-prd-us-west-2-data/tax-form-catalog/png/7dfe09c9-9a51-4a49-8245-7e5c42348547.png,,MA,8,likely_state_or_province_level,PRODUCTION,USMASTMAB4,MA STMAB4
US,False,MD Sales and Use Tax Return,2011-06-01T00:00:00,9999-12-31T00:00:00,likely_official_or_near_official,MDRAD098,1,0,https://s3-us-west-2.amazonaws.com/tax-form-catalog-prd-us-west-2-data/tax-form-catalog/png/c6e9bde7-720e-43c4-b706-fddf92348b7d.png,,MD,1,likely_state_or_province_level,PRODUCTION,USMDRAD098,MD RAD098
US,False,Sales and Use Tax Return,2025-07-01T00:00:00,9999-12-31T00:00:00,likely_official_or_near_official,MDSALESUSE,1,0,https://s3-us-west-2.amazonaws.com/tax-form-catalog-prd-us-west-2-data/tax-form-catalog/png/859e09d4-94e3-434c-9866-6891fb3a3f76.png,,MD,123,likely_state_or_province_level,PRODUCTION,USMDSALESUSE,MD 202
US,False,Sales and Use Tax Return,2026-01-01T00:00:00,9999-12-31T00:00:00,likely_official_or_near_official,MEST7,1,0,https://s3-us-west-2.amazonaws.com/tax-form-catalog-prd-us-west-2-data/tax-form-catalog/png/98c5e07d-39f9-4163-8c95-60b22ef8d816.png,,ME,55,likely_state_or_province_level,PRODUCTION,USMEST7,ME ST7
US,False,Consolidated Breakdown - Sales and Use Tax,2026-01-01T00:00:00,9999-12-31T00:00:00,likely_official_or_near_official,MEST7B,1,0,https://s3-us-west-2.amazonaws.com/tax-form-catalog-prd-us-west-2-data/tax-form-catalog/png/66cd2c54-9346-494e-b836-a2b319d30681.png,,ME,24,likely_state_or_province_level,PRODUCTION,USMEST7B,ME ST7B
US,False,Use Tax Return,2023-06-01T00:00:00,9999-12-31T00:00:00,likely_official_or_near_official,MEST7U,1,0,https://s3-us-west-2.amazonaws.com/tax-form-catalog-prd-us-west-2-data/tax-form-catalog/png/48e8727e-b500-4752-a1e9-588c02af478f.png,,ME,11,likely_state_or_province_level,PRODUCTION,USMEST7U,ME ST7U
US,False,Monthly or Quarterly Sales and Use Tax Worksheet,2013-08-01T00:00:00,9999-12-31T00:00:00,likely_official_or_near_official,MI1603862,1,0,https://s3-us-west-2.amazonaws.com/tax-form-catalog-prd-us-west-2-data/tax-form-catalog/png/edbf5523-e7cb-4ab2-9c3d-ef7d60eda5d9.png,,MI,1,likely_state_or_province_level,PRODUCTION,USMI1603862,MI 160 3862
US,False,"Annual Return for Sales, Use and Witholding Taxes",2013-01-01T00:00:00,9999-12-31T00:00:00,likely_official_or_near_official,MI165,1,0,https://s3-us-west-2.amazonaws.com/tax-form-catalog-prd-us-west-2-data/tax-form-catalog/png/5a811786-b4b6-4c55-94cd-e09be77e84f7.png,,MI,0,likely_state_or_province_level,PRODUCTION,USMI165,MI 165
US,False,"Sales, Use and Withholding Taxes Monthly/Quarterly Return",2026-01-01T00:00:00,9999-12-31T00:00:00,likely_official_or_near_official,MI5080SU,1,0,https://s3-us-west-2.amazonaws.com/tax-form-catalog-prd-us-west-2-data/tax-form-catalog/png/76e9189f-a9e3-4368-8380-fce0690985e3.png,,MI,128,likely_state_or_province_level,PRODUCTION,USMI5080SU,MI 5080
US,False,"Sales, Use and Withholding Taxes Amended Annual Return",2026-01-01T00:00:00,9999-12-31T00:00:00,likely_official_or_near_official,USMI5082AMENDED,1,0,https://s3-us-west-2.amazonaws.com/tax-form-catalog-prd-us-west-2-data/tax-form-catalog/png/353b04e8-5eb5-4b6f-936f-e0ee2ced28f9.png,,MI,16,likely_state_or_province_level,PRODUCTION,USMI5082AMENDED,MI 5082 Amended Sales Tax Return
US,False,"Sales, Use and Withholding Taxes Amended Monthly/Quarterly Return",2026-01-01T00:00:00,9999-12-31T00:00:00,likely_official_or_near_official,USMI5092AMENDED,1,0,https://s3-us-west-2.amazonaws.com/tax-form-catalog-prd-us-west-2-data/tax-form-catalog/png/59dbd4f1-cc0e-4f79-a770-2dc1c63a3fc8.png,,MI,27,likely_state_or_province_level,PRODUCTION,USMI5092AMENDED,MI 5092 AMENDED
US,False,Sales and Use Tax Worksheet,2026-01-01T00:00:00,9999-12-31T00:00:00,likely_official_or_near_official,MNPV49,2,0,https://s3-us-west-2.amazonaws.com/tax-form-catalog-prd-us-west-2-data/tax-form-catalog/png/645b2c99-c241-4077-af4b-3a7ccf3c94ca.png,,MN,309,likely_state_or_province_level,PRODUCTION,USMNPV49,MN PV49
US,False,(EXPIRED) - Sales and Use Tax Worksheet,2017-07-01T00:00:00,2017-07-31T00:00:00,likely_official_or_near_official,MNST1,1,0,https://s3-us-west-2.amazonaws.com/tax-form-catalog-prd-us-west-2-data/tax-form-catalog/png/ec197b52-6fce-4779-af8d-08d35e1e1141.png,,MN,21,likely_state_or_province_level,PRODUCTION,USMNST1,MN ST1
US,False,Consolidated Sales and Use Tax Worksheet,2015-11-01T00:00:00,9999-12-31T00:00:00,likely_official_or_near_official,MNST1CS,1,0,https://s3-us-west-2.amazonaws.com/tax-form-catalog-prd-us-west-2-data/tax-form-catalog/png/c738b9c9-4c7f-45f2-a454-f80202778daa.png,,MN,155,likely_state_or_province_level,PRODUCTION,USMNST1CS,MN ST1 Consolidated
US,False,Sales Tax Return,2024-08-01T00:00:00,9999-12-31T00:00:00,likely_official_or_near_official,MO531,1,0,https://s3-us-west-2.amazonaws.com/tax-form-catalog-prd-us-west-2-data/tax-form-catalog/png/3a0e380b-f959-4e0c-8891-53b802a08bb4.png,,MO,143,likely_state_or_province_level,PRODUCTION,USMO531,MO 531
US,False,Missouri 53-1 Outlet Form,2017-01-01T00:00:00,9999-12-31T00:00:00,likely_official_or_near_official,MO531OUTLET,1,0,https://s3-us-west-2.amazonaws.com/tax-form-catalog-prd-us-west-2-data/tax-form-catalog/png/d29ce443-4ee5-451c-ab2f-f7b6a1599891.png,,MO,2,likely_state_or_province_level,PRODUCTION,USMO531OUTLET,MO 531 OUTLET
US,False,Consumer's Use Tax Return,2023-09-01T00:00:00,9999-12-31T00:00:00,likely_official_or_near_official,MO53C,1,0,https://s3-us-west-2.amazonaws.com/tax-form-catalog-prd-us-west-2-data/tax-form-catalog/png/31a0b514-bd6d-41c3-979f-4e0dce6d01db.png,,MO,61,likely_state_or_province_level,PRODUCTION,USMO53C,MO 53C
US,False,Vendor's Use Tax Return,2023-09-01T00:00:00,9999-12-31T00:00:00,likely_official_or_near_official,MO53VLONG,1,0,https://s3-us-west-2.amazonaws.com/tax-form-catalog-prd-us-west-2-data/tax-form-catalog/png/a4baf57b-b1b4-473d-98bb-af3caa26e982.png,,MO,159,likely_state_or_province_level,PRODUCTION,USMO53V,MO 53V
US,False,Sales Tax Return,2026-02-01T00:00:00,9999-12-31T00:00:00,likely_official_or_near_official,MS72010,1,0,https://s3-us-west-2.amazonaws.com/tax-form-catalog-prd-us-west-2-data/tax-form-catalog/png/54753f4c-da5e-4c36-8629-394485404975.png,,MS,106,likely_state_or_province_level,PRODUCTION,USMS72010,MS 72010
US,False,Mississippi Sales Tax Outlet Return,2025-08-01T00:00:00,9999-12-31T00:00:00,likely_official_or_near_official,MS72010OUTLETS,1,0,https://s3-us-west-2.amazonaws.com/tax-form-catalog-prd-us-west-2-data/tax-form-catalog/png/053cc0bf-6fc3-45e2-a00d-068787264a87.png,,MS,95,likely_state_or_province_level,PRODUCTION,USMS72010OUTLETS,MS 72010 Outlets
US,False,Use Tax Return,2025-07-01T00:00:00,9999-12-31T00:00:00,likely_official_or_near_official,MS72110015,1,0,https://s3-us-west-2.amazonaws.com/tax-form-catalog-prd-us-west-2-data/tax-form-catalog/png/4261f636-a036-42b7-a778-5ba93d7d18bf.png,,MS,49,likely_state_or_province_level,PRODUCTION,USMS72110015,MS 72110
US,False,Sales and Use Tax Return,2025-10-01T00:00:00,9999-12-31T00:00:00,likely_official_or_near_official,NCE500E536,1,0,https://s3-us-west-2.amazonaws.com/tax-form-catalog-prd-us-west-2-data/tax-form-catalog/png/d675ab75-1243-445b-a6a3-03abc6d8f48d.png,,NC,138,likely_state_or_province_level,PRODUCTION,USNCE500E536,NC E500 E536
US,False,"Machinery, Equipment, and Fuel Tax Return",2010-09-01T00:00:00,2023-07-31T00:00:00,likely_official_or_near_official,NCE500J,1,0,https://s3-us-west-2.amazonaws.com/tax-form-catalog-prd-us-west-2-data/tax-form-catalog/png/b3072b51-5950-4b9a-ae71-6c6ffc81ea65.png,,NC,4,likely_state_or_province_level,PRODUCTION,USNCE500J,NC E500J
US,False,"Sales, Use and Gross Receipts Tax",2026-01-01T00:00:00,9999-12-31T00:00:00,likely_official_or_near_official,NDST1,1,0,https://s3-us-west-2.amazonaws.com/tax-form-catalog-prd-us-west-2-data/tax-form-catalog/png/b5defb18-72af-40bc-b65b-ae73e70bcd1d.png,,ND,128,likely_state_or_province_level,PRODUCTION,USNDST1,ND ST1
US,False,Nebraska and Local Sales and Use Tax Return with Schedule II,2026-01-01T00:00:00,9999-12-31T00:00:00,likely_official_or_near_official,NEFORM10COMBINED,1,0,https://s3-us-west-2.amazonaws.com/tax-form-catalog-prd-us-west-2-data/tax-form-catalog/png/b0733751-26e7-4568-9f51-faa361e3094f.png,,NE,242,likely_state_or_province_level,PRODUCTION,USNEFORM10COMBINED,NE Form 10 Combined
US,False,Sports and Entertainment Tax - Millville District,2018-10-01T00:00:00,9999-12-31T00:00:00,likely_official_or_near_official,NJSM100,1,0,https://s3-us-west-2.amazonaws.com/tax-form-catalog-prd-us-west-2-data/tax-form-catalog/png/fbddc3c8-59fd-450c-a68e-3e828215aaa2.png,,NJ,2,likely_state_or_province_level,PRODUCTION,USNJSM100,NJ SM 100
US,False,Sales and Use Tax Quarterly Return,2018-01-01T00:00:00,9999-12-31T00:00:00,likely_official_or_near_official,NJST50,1,0,https://s3-us-west-2.amazonaws.com/tax-form-catalog-prd-us-west-2-data/tax-form-catalog/png/9d46b3ac-1c34-43f0-9cf0-5516ef6f37ca.png,,NJ,47,likely_state_or_province_level,PRODUCTION,USNJST50,NJ ST50
US,False,Sales and Use Tax Monthly Remittance,2018-11-01T00:00:00,9999-12-31T00:00:00,likely_official_or_near_official,NJST51,1,0,https://s3-us-west-2.amazonaws.com/tax-form-catalog-prd-us-west-2-data/tax-form-catalog/png/b52fd05e-ef57-4cfc-8cb5-18c451840c5e.png,,NJ,17,likely_state_or_province_level,PRODUCTION,USNJST51,NJ ST51
US,False,Combined Sales and Use Tax/Urban Enterprise Zones,1900-01-01T00:00:00,9999-12-31T00:00:00,likely_official_or_near_official,NJUZ50,1,0,https://s3-us-west-2.amazonaws.com/tax-form-catalog-prd-us-west-2-data/tax-form-catalog/png/a28abef3-8ab5-40cc-83e0-dad45347c580.png,,NJ,10,likely_state_or_province_level,PRODUCTION,USNJUZ50,NJ UZ50
US,False,Long Form Supplemental Combined Report Sysytem,2016-01-01T00:00:00,2021-06-30T00:00:00,likely_official_or_near_official,NMCRS1LONGFORM,1,0,https://s3-us-west-2.amazonaws.com/tax-form-catalog-prd-us-west-2-data/tax-form-catalog/png/a108fe71-377d-4aa4-a7e4-e9d3a651d6a6.png,,NM,23,likely_state_or_province_level,PRODUCTION,USNMCRS1LONGFORM,NM CRS1 Long Form
US,False,Compensating Tax Return,2021-01-01T00:00:00,9999-12-31T00:00:00,likely_official_or_near_official,NMTRD41412,1,0,https://s3-us-west-2.amazonaws.com/tax-form-catalog-prd-us-west-2-data/tax-form-catalog/png/c50d17cc-2fec-42fe-97be-e9d23be1a9f9.png,,NM,41,likely_state_or_province_level,PRODUCTION,USNMTRD41412,NM TRD 41412
US,False,Gross Receipts Tax Return,2022-07-01T00:00:00,9999-12-31T00:00:00,likely_official_or_near_official,NMTRD41413,1,0,https://s3-us-west-2.amazonaws.com/tax-form-catalog-prd-us-west-2-data/tax-form-catalog/png/b8ce318f-7fe3-493c-9fad-bb3da72a41fa.png,,NM,74,likely_state_or_province_level,PRODUCTION,USNMTRD41413,NM TRD 41413
US,False,Telecommunications Relay Service Surcharge Return,2022-04-01T00:00:00,9999-12-31T00:00:00,likely_official_or_near_official,NMTRS1,1,0,https://s3-us-west-2.amazonaws.com/tax-form-catalog-prd-us-west-2-data/tax-form-catalog/png/937b38f8-aefa-4741-a8ed-92341d01e914.png,,NM,14,likely_state_or_province_level,PRODUCTION,USNMTRS1,NM TRS1
US,False,Combined Sales and Use Tax Return,2026-01-01T00:00:00,9999-12-31T00:00:00,likely_official_or_near_official,NVTXR01,1,0,https://s3-us-west-2.amazonaws.com/tax-form-catalog-prd-us-west-2-data/tax-form-catalog/png/5ec91efe-c932-47fa-81b0-9aa61a9074d8.png,,NV,90,likely_state_or_province_level,PRODUCTION,USNVTXR01,NV TXR01
US,False,Consumer Use Tax Return,2026-01-01T00:00:00,9999-12-31T00:00:00,likely_official_or_near_official,NVTXR02,1,0,https://s3-us-west-2.amazonaws.com/tax-form-catalog-prd-us-west-2-data/tax-form-catalog/png/18c0906f-1ce7-4374-b33a-9c074c768e1c.png,,NV,66,likely_state_or_province_level,PRODUCTION,USNVTXR02,NV TXR 02 01
US,False,Sales Tax Quarterly Return for non Part-Quarterly filers,2025-12-01T00:00:00,9999-12-31T00:00:00,likely_official_or_near_official,NYST100,1,0,https://s3-us-west-2.amazonaws.com/tax-form-catalog-prd-us-west-2-data/tax-form-catalog/png/eb75592e-c959-418b-90d5-c763388660c9.png,,NY,271,likely_state_or_province_level,PRODUCTION,USNYST100,NY ST100
US,False,State and Local Annual Sales Return,2025-03-01T00:00:00,9999-12-31T00:00:00,likely_official_or_near_official,NYST101,1,0,https://s3-us-west-2.amazonaws.com/tax-form-catalog-prd-us-west-2-data/tax-form-catalog/png/f4eb1284-671b-4854-91bc-097d2c18b9e3.png,,NY,181,likely_state_or_province_level,PRODUCTION,USNYST101,NY ST101
US,False,Sales Tax Record of Advance Payment,2018-03-01T00:00:00,9999-12-31T00:00:00,likely_official_or_near_official,NYST330,1,0,https://s3-us-west-2.amazonaws.com/tax-form-catalog-prd-us-west-2-data/tax-form-catalog/png/49c5728b-3a71-4631-8d6e-7ee6b67be9aa.png,,NY,15,likely_state_or_province_level,PRODUCTION,USNYST330,NY ST330
US,False,Sales Tax Return for Part Quarterly (Monthly),2026-01-01T00:00:00,9999-12-31T00:00:00,likely_official_or_near_official,NYST809,1,0,https://s3-us-west-2.amazonaws.com/tax-form-catalog-prd-us-west-2-data/tax-form-catalog/png/a0cad952-538d-4b44-807e-09c83a804d23.png,,NY,128,likely_state_or_province_level,PRODUCTION,USNYST809,NY ST809
US,False,Sales Tax Quarterly Return for Part Quarterly or PrompTax filers,2025-12-01T00:00:00,9999-12-31T00:00:00,likely_official_or_near_official,NYST810,1,0,https://s3-us-west-2.amazonaws.com/tax-form-catalog-prd-us-west-2-data/tax-form-catalog/png/e2369c0b-25db-4b15-8040-ae68c383e907.png,,NY,321,likely_state_or_province_level,PRODUCTION,USNYST810,NY ST810
US,False,Prompt Tax Payments - Electronic Filing and Payment Program,2021-06-01T00:00:00,2021-06-30T00:00:00,likely_official_or_near_official,NYTR682N,1,0,https://s3-us-west-2.amazonaws.com/tax-form-catalog-prd-us-west-2-data/tax-form-catalog/png/3fb9aec5-5f1d-488b-aede-e0647287d9b6.png,,NY,16,likely_state_or_province_level,PRODUCTION,USNYTR682N,NY TR682N
US,False,"Universal Ohio State, County and Transit Sales Tax Return",2026-01-01T00:00:00,9999-12-31T00:00:00,likely_official_or_near_official,OHUST1,1,0,https://s3-us-west-2.amazonaws.com/tax-form-catalog-prd-us-west-2-data/tax-form-catalog/png/55853bc8-04b1-4182-af65-319c025163a8.png,,OH,146,likely_state_or_province_level,PRODUCTION,USOHUST1,OH UST 1
US,False,Universal Use Tax Return,2026-01-01T00:00:00,9999-12-31T00:00:00,likely_official_or_near_official,OHUUT1,1,0,https://s3-us-west-2.amazonaws.com/tax-form-catalog-prd-us-west-2-data/tax-form-catalog/png/6f72b994-a647-444e-af82-73027c4024a4.png,,OH,103,likely_state_or_province_level,PRODUCTION,USOHUUT1,OH UUT 1
US,False,Oklahoma Consumer Use Tax Return,2022-12-01T00:00:00,9999-12-31T00:00:00,likely_official_or_near_official,OKSCU2000420041,1,0,https://s3-us-west-2.amazonaws.com/tax-form-catalog-prd-us-west-2-data/tax-form-catalog/png/b582770b-b009-40a0-a0a8-96a8a9ae6e43.png,,OK,59,likely_state_or_province_level,PRODUCTION,USOKSCU2000420041,OK SCU 20004 20041
US,False,Oklahoma Sales Tax Return,2025-07-01T00:00:00,9999-12-31T00:00:00,likely_official_or_near_official,OKSTS2000220021,1,0,https://s3-us-west-2.amazonaws.com/tax-form-catalog-prd-us-west-2-data/tax-form-catalog/png/b6b2a7eb-090b-43aa-b978-e88dc71056f2.png,,OK,153,likely_state_or_province_level,PRODUCTION,USOKSTS2000220021,OK STS 20002A 20021
US,False,Oklahoma Vendors Use Tax Return,2024-09-01T00:00:00,9999-12-31T00:00:00,likely_official_or_near_official,OKSVU2000520051,1,0,https://s3-us-west-2.amazonaws.com/tax-form-catalog-prd-us-west-2-data/tax-form-catalog/png/77da3496-155e-4279-8db8-d84c9afe41a0.png,,OK,106,likely_state_or_province_level,PRODUCTION,USOKSVU2000520051,OK SVU 20005A 20051
US,False,Pennsylvania CSP P3R,1900-01-01T00:00:00,9999-12-31T00:00:00,likely_official_or_near_official,PACSPP3R,1,0,https://s3-us-west-2.amazonaws.com/tax-form-catalog-prd-us-west-2-data/tax-form-catalog/png/595aab2d-86c1-4895-9468-d3c44f606c2b.png,,PA,31,likely_state_or_province_level,PRODUCTION,USPACSPP3R,PA CSP P3R
US,False,Use Tax Return,2014-10-01T00:00:00,9999-12-31T00:00:00,likely_official_or_near_official,PAPA1,1,0,https://s3-us-west-2.amazonaws.com/tax-form-catalog-prd-us-west-2-data/tax-form-catalog/png/a8e0c243-bdec-44d1-8a13-0ea780a5f777.png,,PA,2,likely_state_or_province_level,PRODUCTION,USPAPA1,PA 1
US,False,"PA Sales, Use and Hotel Occupancy Tax Return",2018-04-01T00:00:00,9999-12-31T00:00:00,likely_official_or_near_official,PAPA3R,1,0,https://s3-us-west-2.amazonaws.com/tax-form-catalog-prd-us-west-2-data/tax-form-catalog/png/a6565c1f-84d4-4937-91f8-3ca1100c5db9.png,,PA,53,likely_state_or_province_level,PRODUCTION,USPAPA3R,PA3R
US,False,Sales and Use Tax Return - Annual Reconciliation,2022-01-01T00:00:00,2022-12-31T00:00:00,likely_official_or_near_official,RIT204AR,1,0,https://s3-us-west-2.amazonaws.com/tax-form-catalog-prd-us-west-2-data/tax-form-catalog/png/57a556f2-d62a-4333-821e-7859ae5c6d84.png,,RI,39,likely_state_or_province_level,PRODUCTION,USRIT204AR,RI T204R Annual
US,False,Sales & Use Tax Return Monthly,2021-05-01T00:00:00,2022-12-31T00:00:00,likely_official_or_near_official,RIT204M,1,0,https://s3-us-west-2.amazonaws.com/tax-form-catalog-prd-us-west-2-data/tax-form-catalog/png/c770125d-edc5-4589-9edf-6ff43117a082.png,,RI,24,likely_state_or_province_level,PRODUCTION,USRIT204M,RI T204M
US,False,Sales & Use Tax Return Quarterly,2021-04-01T00:00:00,2022-12-31T00:00:00,likely_official_or_near_official,RIT204Q,1,0,https://s3-us-west-2.amazonaws.com/tax-form-catalog-prd-us-west-2-data/tax-form-catalog/png/bad88b86-6253-493b-be91-2c9c95b81baf.png,,RI,12,likely_state_or_province_level,PRODUCTION,USRIT204Q,RI T204Q
US,False,Consumer's Use Tax Return,2023-02-01T00:00:00,9999-12-31T00:00:00,likely_official_or_near_official,RIT205,1,0,https://s3-us-west-2.amazonaws.com/tax-form-catalog-prd-us-west-2-data/tax-form-catalog/png/6c5ef769-2c41-4a71-8440-1613b39a8fd0.png,,RI,5,likely_state_or_province_level,PRODUCTION,USRIT205,RIT205
US,False,State Sales and Use Tax Return,2025-07-01T00:00:00,9999-12-31T00:00:00,likely_official_or_near_official,SCST3,2,0,https://s3-us-west-2.amazonaws.com/tax-form-catalog-prd-us-west-2-data/tax-form-catalog/png/9d51b237-186f-41a2-8114-9adfad060d0a.png,,SC,258,likely_state_or_province_level,PRODUCTION,USSCST3,SC ST3
US,False,State Sales and Use Tax Return,2025-07-01T00:00:00,9999-12-31T00:00:00,likely_official_or_near_official,SCST3OUTLET,2,0,https://s3-us-west-2.amazonaws.com/tax-form-catalog-prd-us-west-2-data/tax-form-catalog/png/9d51b237-186f-41a2-8114-9adfad060d0a.png,,SC,258,likely_state_or_province_level,PRODUCTION,USSCST3OUTLET,SC ST3 Outlet
US,False,Sales and Use Tax Return,2026-01-01T00:00:00,9999-12-31T00:00:00,likely_official_or_near_official,SDRV11STRTNMTS,1,0,https://s3-us-west-2.amazonaws.com/tax-form-catalog-prd-us-west-2-data/tax-form-catalog/png/07154834-39cc-4c5b-8126-b6fe70b0616e.png,,SD,175,likely_state_or_province_level,PRODUCTION,USSDRV11STRTNMTS,SD 2032
US,False,State and Local Sales and Use Tax Return,2026-01-01T00:00:00,9999-12-31T00:00:00,likely_official_or_near_official,TNSLS450,1,0,https://s3-us-west-2.amazonaws.com/tax-form-catalog-prd-us-west-2-data/tax-form-catalog/png/7e6e23af-7817-479d-b1ee-16526e1955be.png,,TN,462,likely_state_or_province_level,PRODUCTION,USTNSLS450,TN SLS 450
US,False,Department of Revenue State and Local Sales and Use Tax Return - For Outlets,2026-01-01T00:00:00,9999-12-31T00:00:00,likely_official_or_near_official,TNSLS450CS,3,0,https://s3-us-west-2.amazonaws.com/tax-form-catalog-prd-us-west-2-data/tax-form-catalog/png/af9fd87f-3227-49f9-84dd-d6c2e3514286.png,,TN,210,likely_state_or_province_level,PRODUCTION,USTNSLS450CS,TN SLS 450 CS
US,False,Texas Sales and Use Tax Return for Outlet Reporting,2025-10-01T00:00:00,9999-12-31T00:00:00,likely_official_or_near_official,TX011140111501116,2,0,https://s3-us-west-2.amazonaws.com/tax-form-catalog-prd-us-west-2-data/tax-form-catalog/png/2e1a09d6-65fd-4776-9899-be4d044bdc90.png,,TX,163,likely_state_or_province_level,PRODUCTION,USTX011140111501116,TX 01114 01115 01116 (Outlets)
US,False,Texas Sales and Use Tax Return,2025-10-01T00:00:00,9999-12-31T00:00:00,likely_official_or_near_official,TX0111401116,1,0,https://s3-us-west-2.amazonaws.com/tax-form-catalog-prd-us-west-2-data/tax-form-catalog/png/fabb6d40-c38e-48be-a69b-bdee35577994.png,,TX,203,likely_state_or_province_level,PRODUCTION,USTX0111401116,TX 01114 01116 (State Return)
US,False,Texas Consumers Use Tax Return,1900-01-01T00:00:00,9999-12-31T00:00:00,likely_official_or_near_official,TX0111901116,1,0,https://s3-us-west-2.amazonaws.com/tax-form-catalog-prd-us-west-2-data/tax-form-catalog/png/e96318c5-100a-4f61-bbdc-6b10490215e4.png,,TX,19,likely_state_or_province_level,PRODUCTION,USTX0111901116,TX 01119 01116
US,False,Sales and Use Tax Return,2026-01-01T00:00:00,9999-12-31T00:00:00,likely_official_or_near_official,UTTC62MULTILOCATION,1,0,https://s3-us-west-2.amazonaws.com/tax-form-catalog-prd-us-west-2-data/tax-form-catalog/png/0ced90f7-0bff-4b50-bcf4-4948135928d8.png,,UT,209,likely_state_or_province_level,PRODUCTION,USUTTC62MULTILOCATION,UT TC62 Multi Location
US,False,Sales and Use Tax Return - Single Place of Business,2019-05-01T00:00:00,2024-12-31T00:00:00,likely_official_or_near_official,UTTC62SINGLELOCATION,1,0,https://s3-us-west-2.amazonaws.com/tax-form-catalog-prd-us-west-2-data/tax-form-catalog/png/ca5f9d24-2bc8-4101-b8a6-8db908d62df6.png,,UT,17,likely_state_or_province_level,PRODUCTION,USUTTC62SINGLELOCATION,UT TC62 Single Location
US,False,Consumer's Use Tax Return,2025-04-01T00:00:00,9999-12-31T00:00:00,likely_official_or_near_official,VAST1CU,1,0,https://s3-us-west-2.amazonaws.com/tax-form-catalog-prd-us-west-2-data/tax-form-catalog/png/185d8406-cac2-4c86-b46d-b1751ace7537.png,,VA,7,likely_state_or_province_level,PRODUCTION,USVAST1CU,VA ST1 Consumer Use
US,False,Virginia Retail Sales and Use Tax Return,2025-04-01T00:00:00,9999-12-31T00:00:00,likely_official_or_near_official,VAST1SALES,1,0,https://s3-us-west-2.amazonaws.com/tax-form-catalog-prd-us-west-2-data/tax-form-catalog/png/54c71a18-5a7d-4ba6-ae4c-6dbe2303d10a.png,,VA,27,likely_state_or_province_level,PRODUCTION,USVAST1SALES,VA ST1 Sales
US,False,Consumer's Use Tax Return,2023-07-01T00:00:00,2025-03-31T00:00:00,likely_official_or_near_official,VAST7,1,0,https://s3-us-west-2.amazonaws.com/tax-form-catalog-prd-us-west-2-data/tax-form-catalog/png/ea73481b-fbfe-4955-9a60-0ba391b13953.png,,VA,49,likely_state_or_province_level,PRODUCTION,USVAST7,VA ST7
US,False,Virginia Out-of-State Dealer's Sales and Use Tax Return,2023-07-01T00:00:00,2025-03-31T00:00:00,likely_official_or_near_official,VAST8,1,0,https://s3-us-west-2.amazonaws.com/tax-form-catalog-prd-us-west-2-data/tax-form-catalog/png/760db3dd-329f-4753-862b-a524aa31b68d.png,,VA,168,likely_state_or_province_level,PRODUCTION,USVAST8,VA ST8
US,False,Virginia Retail Sales and Use Tax Return,2023-07-01T00:00:00,2025-03-31T00:00:00,likely_official_or_near_official,VAST9,1,0,https://s3-us-west-2.amazonaws.com/tax-form-catalog-prd-us-west-2-data/tax-form-catalog/png/301fa87b-c6e5-4405-ba65-be37849381e0.png,,VA,127,likely_state_or_province_level,PRODUCTION,USVAST9,VA ST9
US,False,Sales and Use Tax Return,2025-07-01T00:00:00,9999-12-31T00:00:00,likely_official_or_near_official,VTSU451,1,0,https://s3-us-west-2.amazonaws.com/tax-form-catalog-prd-us-west-2-data/tax-form-catalog/png/ddf89c7c-ac8a-4b48-aea1-b29fdb195db4.png,,VT,87,likely_state_or_province_level,PRODUCTION,USVTSU451,VT SU451
US,False,Vermont State Sales and Use Tax Return for Multiple Locations,2025-07-01T00:00:00,9999-12-31T00:00:00,likely_official_or_near_official,VTSU451OUTLET,1,0,https://s3-us-west-2.amazonaws.com/tax-form-catalog-prd-us-west-2-data/tax-form-catalog/png/c10c8632-b3ea-4000-a445-ee9c09af2f61.png,,VT,46,likely_state_or_province_level,PRODUCTION,USVTSU451OUTLET,VT SU451 Multiple Locations
US,False,Premier Resort Area Tax Return,2022-01-01T00:00:00,9999-12-31T00:00:00,likely_official_or_near_official,WIPREMIERRESORT,1,0,https://s3-us-west-2.amazonaws.com/tax-form-catalog-prd-us-west-2-data/tax-form-catalog/png/ccb84917-0c99-4407-a8d9-4a8d93695e67.png,,WI,9,likely_state_or_province_level,PRODUCTION,USWIPREMIERRESORT,WI PRA 12
US,False,"Sales & Use Tax Return (State, County, Stadium Sales & Use Tax)",2025-04-01T00:00:00,9999-12-31T00:00:00,likely_official_or_near_official,WIST12CT,1,0,https://s3-us-west-2.amazonaws.com/tax-form-catalog-prd-us-west-2-data/tax-form-catalog/png/441922f0-e02c-48f9-a573-63337e09ad88.png,,WI,109,likely_state_or_province_level,PRODUCTION,USWIST12CT,WI ST12 CT
US,False,Combined Sales and Use Tax Return,2025-06-01T00:00:00,9999-12-31T00:00:00,likely_official_or_near_official,WVCST200CU,1,0,https://s3-us-west-2.amazonaws.com/tax-form-catalog-prd-us-west-2-data/tax-form-catalog/png/d8acc7f3-b509-466a-b823-5507a0833ce0.png,,WV,65,likely_state_or_province_level,PRODUCTION,USWVCST200CU,WV CST200 CU
US,False,Sales & Use Tax Return for Licensed Vendors,2025-04-01T00:00:00,9999-12-31T00:00:00,likely_official_or_near_official,WYF41,1,0,https://s3-us-west-2.amazonaws.com/tax-form-catalog-prd-us-west-2-data/tax-form-catalog/png/2f735279-8304-495a-8dd0-f56fe0e8a857.png,,WY,75,likely_state_or_province_level,PRODUCTION,USWYF41,WY Form 41
US,False,Sales & Use Tax Return for Annual Vendors,2025-01-01T00:00:00,9999-12-31T00:00:00,likely_official_or_near_official,WYF421,1,0,https://s3-us-west-2.amazonaws.com/tax-form-catalog-prd-us-west-2-data/tax-form-catalog/png/54a144ec-0809-434d-bde1-d6a8ad25103c.png,,WY,29,likely_state_or_province_level,PRODUCTION,USWYF421,WY Form 421
US,False,Sales Tax Return for Occasional Vendors,2020-01-01T00:00:00,9999-12-31T00:00:00,likely_official_or_near_official,WYF43,1,0,https://s3-us-west-2.amazonaws.com/tax-form-catalog-prd-us-west-2-data/tax-form-catalog/png/1046be95-b032-44f6-b780-0619577d221f.png,,WY,9,likely_state_or_province_level,PRODUCTION,USWYF43,WY Form 431
