country,region,sequence,leading_question_id,leading_question_answer_id,question,question_code,answer,answer_help_text,help_text,data_type,allow_multi_select,domain_id,next_question_id,tax_form_codes,tax_form_code_count,raw_row
US,AL,1,1,1,What type of tax are you registered to collect in Alabama?,,Simplified sellers use tax (flat 8% rate),Some out-of-state businesses can register to collect the simplified sellers use tax rate. Your account number begins with SSU if you are registered to collect this tax.,,STRING,False,1,2,USAL2630,1,"{""LeadingQuestionId"":1,""Country"":""US"",""Region"":""AL"",""Sequence"":1,""Question"":""What type of tax are you registered to collect in Alabama?"",""QuestionCode"":null,""HelpText"":"""",""Standard"":false,""DataType"":""STRING"",""AllowMultiSelect"":false,""DomainId"":1,""LeadingQuestionAnswerId"":1,""Answer"":""Simplified sellers use tax (flat 8% rate)"",""AnswerHelpText"":""Some out-of-state businesses can register to collect the simplified sellers use tax rate. Your account number begins with SSU if you are registered to collect this tax."",""NextQuestionId"":2,""TaxFormCode"":""[\""USAL2630\""]""}"
US,AL,1,1,2,What type of tax are you registered to collect in Alabama?,,Sellers use tax,Businesses that ship products to Alabama from out of state generally collect sellers use tax. Your account numbers begins with SLU if you are registered to collect this tax.,,STRING,False,1,2,USAL2620 | USAL9501,2,"{""LeadingQuestionId"":1,""Country"":""US"",""Region"":""AL"",""Sequence"":1,""Question"":""What type of tax are you registered to collect in Alabama?"",""QuestionCode"":null,""HelpText"":"""",""Standard"":false,""DataType"":""STRING"",""AllowMultiSelect"":false,""DomainId"":1,""LeadingQuestionAnswerId"":2,""Answer"":""Sellers use tax"",""AnswerHelpText"":""Businesses that ship products to Alabama from out of state generally collect sellers use tax. Your account numbers begins with SLU if you are registered to collect this tax."",""NextQuestionId"":2,""TaxFormCode"":""[\""USAL2620\"",\""USAL9501\""]""}"
US,AL,1,1,3,What type of tax are you registered to collect in Alabama?,,Sales tax,Businesses with a physical presence in Alabama must register to collect sales tax. Your account number begins with SLS if you are registered to collect this tax.,,STRING,False,1,2,USAL2100 | USAL9501,2,"{""LeadingQuestionId"":1,""Country"":""US"",""Region"":""AL"",""Sequence"":1,""Question"":""What type of tax are you registered to collect in Alabama?"",""QuestionCode"":null,""HelpText"":"""",""Standard"":false,""DataType"":""STRING"",""AllowMultiSelect"":false,""DomainId"":1,""LeadingQuestionAnswerId"":3,""Answer"":""Sales tax"",""AnswerHelpText"":""Businesses with a physical presence in Alabama must register to collect sales tax. Your account number begins with SLS if you are registered to collect this tax."",""NextQuestionId"":2,""TaxFormCode"":""[\""USAL2100\"",\""USAL9501\""]""}"
US,AL,1,1,4,What type of tax are you registered to collect in Alabama?,,Both sales and sellers use tax,Select this if you have separate registrations for sales tax and sellers use tax.,,STRING,False,1,2,USAL2620 | USAL2100 | USAL9501,3,"{""LeadingQuestionId"":1,""Country"":""US"",""Region"":""AL"",""Sequence"":1,""Question"":""What type of tax are you registered to collect in Alabama?"",""QuestionCode"":null,""HelpText"":"""",""Standard"":false,""DataType"":""STRING"",""AllowMultiSelect"":false,""DomainId"":1,""LeadingQuestionAnswerId"":4,""Answer"":""Both sales and sellers use tax"",""AnswerHelpText"":""Select this if you have separate registrations for sales tax and sellers use tax."",""NextQuestionId"":2,""TaxFormCode"":""[\""USAL2620\"",\""USAL2100\"",\""USAL9501\""]""}"
US,AL,2,2,5,Do you self-assess consumer use tax on purchases that you need to report to Alabama?,,Yes,,,BOOLEAN,False,1,,USALSU2610,1,"{""LeadingQuestionId"":2,""Country"":""US"",""Region"":""AL"",""Sequence"":2,""Question"":""Do you self-assess consumer use tax on purchases that you need to report to Alabama?"",""QuestionCode"":null,""HelpText"":"""",""Standard"":false,""DataType"":""BOOLEAN"",""AllowMultiSelect"":false,""DomainId"":1,""LeadingQuestionAnswerId"":5,""Answer"":""Yes"",""AnswerHelpText"":"""",""NextQuestionId"":null,""TaxFormCode"":""[\""USALSU2610\""]""}"
US,AL,2,2,6,Do you self-assess consumer use tax on purchases that you need to report to Alabama?,,No,,,BOOLEAN,False,1,,,0,"{""LeadingQuestionId"":2,""Country"":""US"",""Region"":""AL"",""Sequence"":2,""Question"":""Do you self-assess consumer use tax on purchases that you need to report to Alabama?"",""QuestionCode"":null,""HelpText"":"""",""Standard"":false,""DataType"":""BOOLEAN"",""AllowMultiSelect"":false,""DomainId"":1,""LeadingQuestionAnswerId"":6,""Answer"":""No"",""AnswerHelpText"":"""",""NextQuestionId"":null,""TaxFormCode"":""[]""}"
US,AZ,1,4,9,Are you required to make estimated payments in Arizona?,,Yes,,Some Arizona taxpayers are required to make an annual accelerated prepayment in June of each year. Avalara calculates this prepayment using 50% of the preceding May's liability. Visit the Arizona Department of Revenue website or contact the Arizona Department of Revenue at 602-255-3381 for more info about prepayments.,BOOLEAN,False,1,,USAZTPT2 | USAZTPTES,2,"{""LeadingQuestionId"":4,""Country"":""US"",""Region"":""AZ"",""Sequence"":1,""Question"":""Are you required to make estimated payments in Arizona?"",""QuestionCode"":null,""HelpText"":""Some Arizona taxpayers are required to make an annual accelerated prepayment in June of each year. Avalara calculates this prepayment using 50% of the preceding May's liability. Visit the Arizona Department of Revenue website or contact the Arizona Department of Revenue at 602-255-3381 for more info about prepayments."",""Standard"":false,""DataType"":""BOOLEAN"",""AllowMultiSelect"":false,""DomainId"":1,""LeadingQuestionAnswerId"":9,""Answer"":""Yes"",""AnswerHelpText"":"""",""NextQuestionId"":null,""TaxFormCode"":""[\""USAZTPT2\"",\""USAZTPTES\""]""}"
US,AZ,1,4,10,Are you required to make estimated payments in Arizona?,,No,,Some Arizona taxpayers are required to make an annual accelerated prepayment in June of each year. Avalara calculates this prepayment using 50% of the preceding May's liability. Visit the Arizona Department of Revenue website or contact the Arizona Department of Revenue at 602-255-3381 for more info about prepayments.,BOOLEAN,False,1,,USAZTPT2,1,"{""LeadingQuestionId"":4,""Country"":""US"",""Region"":""AZ"",""Sequence"":1,""Question"":""Are you required to make estimated payments in Arizona?"",""QuestionCode"":null,""HelpText"":""Some Arizona taxpayers are required to make an annual accelerated prepayment in June of each year. Avalara calculates this prepayment using 50% of the preceding May's liability. Visit the Arizona Department of Revenue website or contact the Arizona Department of Revenue at 602-255-3381 for more info about prepayments."",""Standard"":false,""DataType"":""BOOLEAN"",""AllowMultiSelect"":false,""DomainId"":1,""LeadingQuestionAnswerId"":10,""Answer"":""No"",""AnswerHelpText"":"""",""NextQuestionId"":null,""TaxFormCode"":""[\""USAZTPT2\""]""}"
US,CO,1,7,15,Colorado has a separate return for each tax type. Some businesses may be registered to collect more than one tax type and file multiple returns. Which types of tax are you registered to collect?,,Sales tax,Most businesses are registered to collect sales tax.,,STRING,True,1,10,USCODR0100CS,1,"{""LeadingQuestionId"":7,""Country"":""US"",""Region"":""CO"",""Sequence"":1,""Question"":""Colorado has a separate return for each tax type. Some businesses may be registered to collect more than one tax type and file multiple returns.\n\nWhich types of tax are you registered to collect?"",""QuestionCode"":null,""HelpText"":"""",""Standard"":false,""DataType"":""STRING"",""AllowMultiSelect"":true,""DomainId"":1,""LeadingQuestionAnswerId"":15,""Answer"":""Sales tax"",""AnswerHelpText"":""Most businesses are registered to collect sales tax."",""NextQuestionId"":10,""TaxFormCode"":""[\""USCODR0100CS\""]""}"
US,CO,1,7,16,Colorado has a separate return for each tax type. Some businesses may be registered to collect more than one tax type and file multiple returns. Which types of tax are you registered to collect?,,Retailer’s use tax,Some out-of-state businesses are registered to collect retailer’s use tax on sales shipped to Colorado.,,STRING,True,1,10,USCODR0173,1,"{""LeadingQuestionId"":7,""Country"":""US"",""Region"":""CO"",""Sequence"":1,""Question"":""Colorado has a separate return for each tax type. Some businesses may be registered to collect more than one tax type and file multiple returns.\n\nWhich types of tax are you registered to collect?"",""QuestionCode"":null,""HelpText"":"""",""Standard"":false,""DataType"":""STRING"",""AllowMultiSelect"":true,""DomainId"":1,""LeadingQuestionAnswerId"":16,""Answer"":""Retailer\u2019s use tax"",""AnswerHelpText"":""Some out-of-state businesses are registered to collect retailer\u2019s use tax on sales shipped to Colorado."",""NextQuestionId"":10,""TaxFormCode"":""[\""USCODR0173\""]""}"
US,CO,1,7,105,Colorado has a separate return for each tax type. Some businesses may be registered to collect more than one tax type and file multiple returns. Which types of tax are you registered to collect?,,Consumer use tax,Businesses that self-assess use tax on purchases in Colorado generally register to report consumer use tax.,,STRING,True,1,10,USCODR0252,1,"{""LeadingQuestionId"":7,""Country"":""US"",""Region"":""CO"",""Sequence"":1,""Question"":""Colorado has a separate return for each tax type. Some businesses may be registered to collect more than one tax type and file multiple returns.\n\nWhich types of tax are you registered to collect?"",""QuestionCode"":null,""HelpText"":"""",""Standard"":false,""DataType"":""STRING"",""AllowMultiSelect"":true,""DomainId"":1,""LeadingQuestionAnswerId"":105,""Answer"":""Consumer use tax"",""AnswerHelpText"":""Businesses that self-assess use tax on purchases in Colorado generally register to report consumer use tax."",""NextQuestionId"":10,""TaxFormCode"":""[\""USCODR0252\""]""}"
US,CO,4,10,21,Are you required to report the Colorado Retail Delivery Fee?,,Yes,,,BOOLEAN,False,1,,USCODR1786,1,"{""LeadingQuestionId"":10,""Country"":""US"",""Region"":""CO"",""Sequence"":4,""Question"":""Are you required to report the Colorado Retail Delivery Fee?"",""QuestionCode"":null,""HelpText"":"""",""Standard"":false,""DataType"":""BOOLEAN"",""AllowMultiSelect"":false,""DomainId"":1,""LeadingQuestionAnswerId"":21,""Answer"":""Yes"",""AnswerHelpText"":"""",""NextQuestionId"":null,""TaxFormCode"":""[\""USCODR1786\""]""}"
US,CO,4,10,22,Are you required to report the Colorado Retail Delivery Fee?,,No,,,BOOLEAN,False,1,,,0,"{""LeadingQuestionId"":10,""Country"":""US"",""Region"":""CO"",""Sequence"":4,""Question"":""Are you required to report the Colorado Retail Delivery Fee?"",""QuestionCode"":null,""HelpText"":"""",""Standard"":false,""DataType"":""BOOLEAN"",""AllowMultiSelect"":false,""DomainId"":1,""LeadingQuestionAnswerId"":22,""Answer"":""No"",""AnswerHelpText"":"""",""NextQuestionId"":null,""TaxFormCode"":""[]""}"
US,DC,1,49,110,,,,,,,False,1,,USDCFR800,1,"{""LeadingQuestionId"":49,""Country"":""US"",""Region"":""DC"",""Sequence"":1,""Question"":"""",""QuestionCode"":null,""HelpText"":"""",""Standard"":false,""DataType"":"""",""AllowMultiSelect"":false,""DomainId"":1,""LeadingQuestionAnswerId"":110,""Answer"":"""",""AnswerHelpText"":"""",""NextQuestionId"":null,""TaxFormCode"":""[\""USDCFR800\""]""}"
US,AK,1,3,7,Are you registered with the Alaska Remote Sellers Sales Tax Commission (ARSSTC)?,,Yes,,"The Alaska Remote Sellers Sales Tax Commission (ARSSTC) is a statewide administrative system that provides a single portal to remit sales tax to participating local jurisdictions in Alaska. Remote sellers don’t need to register with the tax authorities in each of those jurisdictions, but instead just need to register once with the ARSSTC.",BOOLEAN,False,1,,USAKRSR,1,"{""LeadingQuestionId"":3,""Country"":""US"",""Region"":""AK"",""Sequence"":1,""Question"":""Are you registered with the Alaska Remote Sellers Sales Tax Commission (ARSSTC)?"",""QuestionCode"":null,""HelpText"":""The Alaska Remote Sellers Sales Tax Commission (ARSSTC) is a statewide administrative system that provides a single portal to remit sales tax to participating local jurisdictions in Alaska. Remote sellers don\u2019t need to register with the tax authorities in each of those jurisdictions, but instead just need to register once with the ARSSTC."",""Standard"":false,""DataType"":""BOOLEAN"",""AllowMultiSelect"":false,""DomainId"":1,""LeadingQuestionAnswerId"":7,""Answer"":""Yes"",""AnswerHelpText"":"""",""NextQuestionId"":null,""TaxFormCode"":""[\""USAKRSR\""]""}"
US,AK,1,3,8,Are you registered with the Alaska Remote Sellers Sales Tax Commission (ARSSTC)?,,No,,"The Alaska Remote Sellers Sales Tax Commission (ARSSTC) is a statewide administrative system that provides a single portal to remit sales tax to participating local jurisdictions in Alaska. Remote sellers don’t need to register with the tax authorities in each of those jurisdictions, but instead just need to register once with the ARSSTC.",BOOLEAN,False,1,,USAKADAK | USAKALEKNAGIK | USAKANGOON,3,"{""LeadingQuestionId"":3,""Country"":""US"",""Region"":""AK"",""Sequence"":1,""Question"":""Are you registered with the Alaska Remote Sellers Sales Tax Commission (ARSSTC)?"",""QuestionCode"":null,""HelpText"":""The Alaska Remote Sellers Sales Tax Commission (ARSSTC) is a statewide administrative system that provides a single portal to remit sales tax to participating local jurisdictions in Alaska. Remote sellers don\u2019t need to register with the tax authorities in each of those jurisdictions, but instead just need to register once with the ARSSTC."",""Standard"":false,""DataType"":""BOOLEAN"",""AllowMultiSelect"":false,""DomainId"":1,""LeadingQuestionAnswerId"":8,""Answer"":""No"",""AnswerHelpText"":"""",""NextQuestionId"":null,""TaxFormCode"":""[\""USAKADAK\"",\""USAKALEKNAGIK\"",\""USAKANGOON\""]""}"
US,AR,1,47,108,,,,,,,False,1,,USARET1,1,"{""LeadingQuestionId"":47,""Country"":""US"",""Region"":""AR"",""Sequence"":1,""Question"":"""",""QuestionCode"":null,""HelpText"":"""",""Standard"":false,""DataType"":"""",""AllowMultiSelect"":false,""DomainId"":1,""LeadingQuestionAnswerId"":108,""Answer"":"""",""AnswerHelpText"":"""",""NextQuestionId"":null,""TaxFormCode"":""[\""USARET1\""]""}"
US,CA,1,5,11,Do you have any retail stores or other company locations in California?,,Yes,,,BOOLEAN,False,1,6,USCACDTFA401A2OUTLET,1,"{""LeadingQuestionId"":5,""Country"":""US"",""Region"":""CA"",""Sequence"":1,""Question"":""Do you have any retail stores or other company locations in California?"",""QuestionCode"":null,""HelpText"":"""",""Standard"":false,""DataType"":""BOOLEAN"",""AllowMultiSelect"":false,""DomainId"":1,""LeadingQuestionAnswerId"":11,""Answer"":""Yes"",""AnswerHelpText"":"""",""NextQuestionId"":6,""TaxFormCode"":""[\""USCACDTFA401A2OUTLET\""]""}"
US,CA,1,5,12,Do you have any retail stores or other company locations in California?,,No,,,BOOLEAN,False,1,6,USCACDTFA401A2,1,"{""LeadingQuestionId"":5,""Country"":""US"",""Region"":""CA"",""Sequence"":1,""Question"":""Do you have any retail stores or other company locations in California?"",""QuestionCode"":null,""HelpText"":"""",""Standard"":false,""DataType"":""BOOLEAN"",""AllowMultiSelect"":false,""DomainId"":1,""LeadingQuestionAnswerId"":12,""Answer"":""No"",""AnswerHelpText"":"""",""NextQuestionId"":6,""TaxFormCode"":""[\""USCACDTFA401A2\""]""}"
US,CA,2,6,13,Are you required to make prepayments in California?,,Yes,,,BOOLEAN,False,1,,USCAPREPAYMENT,1,"{""LeadingQuestionId"":6,""Country"":""US"",""Region"":""CA"",""Sequence"":2,""Question"":""Are you required to make prepayments in California?"",""QuestionCode"":null,""HelpText"":"""",""Standard"":false,""DataType"":""BOOLEAN"",""AllowMultiSelect"":false,""DomainId"":1,""LeadingQuestionAnswerId"":13,""Answer"":""Yes"",""AnswerHelpText"":"""",""NextQuestionId"":null,""TaxFormCode"":""[\""USCAPREPAYMENT\""]""}"
US,CA,2,6,14,Are you required to make prepayments in California?,,No,,,BOOLEAN,False,1,,,0,"{""LeadingQuestionId"":6,""Country"":""US"",""Region"":""CA"",""Sequence"":2,""Question"":""Are you required to make prepayments in California?"",""QuestionCode"":null,""HelpText"":"""",""Standard"":false,""DataType"":""BOOLEAN"",""AllowMultiSelect"":false,""DomainId"":1,""LeadingQuestionAnswerId"":14,""Answer"":""No"",""AnswerHelpText"":"""",""NextQuestionId"":null,""TaxFormCode"":""[]""}"
US,CT,1,48,109,,,,,,,False,1,,USCTOS114,1,"{""LeadingQuestionId"":48,""Country"":""US"",""Region"":""CT"",""Sequence"":1,""Question"":"""",""QuestionCode"":null,""HelpText"":"""",""Standard"":false,""DataType"":"""",""AllowMultiSelect"":false,""DomainId"":1,""LeadingQuestionAnswerId"":109,""Answer"":"""",""AnswerHelpText"":"""",""NextQuestionId"":null,""TaxFormCode"":""[\""USCTOS114\""]""}"
US,FL,1,11,23,Do you have any retail stores or other physical locations in Florida?,,Yes,,,BOOLEAN,False,1,12,,0,"{""LeadingQuestionId"":11,""Country"":""US"",""Region"":""FL"",""Sequence"":1,""Question"":""Do you have any retail stores or other physical locations in Florida?"",""QuestionCode"":null,""HelpText"":"""",""Standard"":false,""DataType"":""BOOLEAN"",""AllowMultiSelect"":false,""DomainId"":1,""LeadingQuestionAnswerId"":23,""Answer"":""Yes"",""AnswerHelpText"":"""",""NextQuestionId"":12,""TaxFormCode"":""[]""}"
US,FL,1,11,24,Do you have any retail stores or other physical locations in Florida?,,No,,,BOOLEAN,False,1,,USFLDR15,1,"{""LeadingQuestionId"":11,""Country"":""US"",""Region"":""FL"",""Sequence"":1,""Question"":""Do you have any retail stores or other physical locations in Florida?"",""QuestionCode"":null,""HelpText"":"""",""Standard"":false,""DataType"":""BOOLEAN"",""AllowMultiSelect"":false,""DomainId"":1,""LeadingQuestionAnswerId"":24,""Answer"":""No"",""AnswerHelpText"":"""",""NextQuestionId"":null,""TaxFormCode"":""[\""USFLDR15\""]""}"
US,FL,2,12,25,How do you file your returns in Florida?,,A separate return for each location,,,STRING,False,1,,USFLDR15,1,"{""LeadingQuestionId"":12,""Country"":""US"",""Region"":""FL"",""Sequence"":2,""Question"":""How do you file your returns in Florida?"",""QuestionCode"":null,""HelpText"":"""",""Standard"":false,""DataType"":""STRING"",""AllowMultiSelect"":false,""DomainId"":1,""LeadingQuestionAnswerId"":25,""Answer"":""A separate return for each location"",""AnswerHelpText"":"""",""NextQuestionId"":null,""TaxFormCode"":""[\""USFLDR15\""]""}"
US,FL,2,12,26,How do you file your returns in Florida?,,One consolidated return for all locations,,,STRING,False,1,,USFLDR15CS,1,"{""LeadingQuestionId"":12,""Country"":""US"",""Region"":""FL"",""Sequence"":2,""Question"":""How do you file your returns in Florida?"",""QuestionCode"":null,""HelpText"":"""",""Standard"":false,""DataType"":""STRING"",""AllowMultiSelect"":false,""DomainId"":1,""LeadingQuestionAnswerId"":26,""Answer"":""One consolidated return for all locations"",""AnswerHelpText"":"""",""NextQuestionId"":null,""TaxFormCode"":""[\""USFLDR15CS\""]""}"
US,GA,1,13,27,Do you have any retail stores or other physical locations in Georgia?,,Yes,,,BOOLEAN,False,1,14,,0,"{""LeadingQuestionId"":13,""Country"":""US"",""Region"":""GA"",""Sequence"":1,""Question"":""Do you have any retail stores or other physical locations in Georgia?"",""QuestionCode"":null,""HelpText"":"""",""Standard"":false,""DataType"":""BOOLEAN"",""AllowMultiSelect"":false,""DomainId"":1,""LeadingQuestionAnswerId"":27,""Answer"":""Yes"",""AnswerHelpText"":"""",""NextQuestionId"":14,""TaxFormCode"":""[]""}"
US,GA,1,13,28,Do you have any retail stores or other physical locations in Georgia?,,No,,,BOOLEAN,False,1,,USGAST3SALES,1,"{""LeadingQuestionId"":13,""Country"":""US"",""Region"":""GA"",""Sequence"":1,""Question"":""Do you have any retail stores or other physical locations in Georgia?"",""QuestionCode"":null,""HelpText"":"""",""Standard"":false,""DataType"":""BOOLEAN"",""AllowMultiSelect"":false,""DomainId"":1,""LeadingQuestionAnswerId"":28,""Answer"":""No"",""AnswerHelpText"":"""",""NextQuestionId"":null,""TaxFormCode"":""[\""USGAST3SALES\""]""}"
US,GA,2,14,29,How do you file returns in Georgia?,,One consolidated return for all locations,,,STRING,False,1,,USGAST3OUTLET,1,"{""LeadingQuestionId"":14,""Country"":""US"",""Region"":""GA"",""Sequence"":2,""Question"":""How do you file returns in Georgia?"",""QuestionCode"":null,""HelpText"":"""",""Standard"":false,""DataType"":""STRING"",""AllowMultiSelect"":false,""DomainId"":1,""LeadingQuestionAnswerId"":29,""Answer"":""One consolidated return for all locations"",""AnswerHelpText"":"""",""NextQuestionId"":null,""TaxFormCode"":""[\""USGAST3OUTLET\""]""}"
US,GA,2,14,30,How do you file returns in Georgia?,,A separate return for each location,,,STRING,False,1,,USGAST3SALES,1,"{""LeadingQuestionId"":14,""Country"":""US"",""Region"":""GA"",""Sequence"":2,""Question"":""How do you file returns in Georgia?"",""QuestionCode"":null,""HelpText"":"""",""Standard"":false,""DataType"":""STRING"",""AllowMultiSelect"":false,""DomainId"":1,""LeadingQuestionAnswerId"":30,""Answer"":""A separate return for each location"",""AnswerHelpText"":"""",""NextQuestionId"":null,""TaxFormCode"":""[\""USGAST3SALES\""]""}"
US,HI,1,15,31,How often are you required to file Hawaii returns?,,Monthly,,,STRING,False,1,,USHIG45 | USHIG49,2,"{""LeadingQuestionId"":15,""Country"":""US"",""Region"":""HI"",""Sequence"":1,""Question"":""How often are you required to file Hawaii returns?"",""QuestionCode"":null,""HelpText"":"""",""Standard"":false,""DataType"":""STRING"",""AllowMultiSelect"":false,""DomainId"":1,""LeadingQuestionAnswerId"":31,""Answer"":""Monthly"",""AnswerHelpText"":"""",""NextQuestionId"":null,""TaxFormCode"":""[\""USHIG45\"",\""USHIG49\""]""}"
US,HI,1,15,32,How often are you required to file Hawaii returns?,,Quarterly,,,STRING,False,1,,USHIG45 | USHIG49,2,"{""LeadingQuestionId"":15,""Country"":""US"",""Region"":""HI"",""Sequence"":1,""Question"":""How often are you required to file Hawaii returns?"",""QuestionCode"":null,""HelpText"":"""",""Standard"":false,""DataType"":""STRING"",""AllowMultiSelect"":false,""DomainId"":1,""LeadingQuestionAnswerId"":32,""Answer"":""Quarterly"",""AnswerHelpText"":"""",""NextQuestionId"":null,""TaxFormCode"":""[\""USHIG45\"",\""USHIG49\""]""}"
US,HI,1,15,33,How often are you required to file Hawaii returns?,,Semi-annually,,,STRING,False,1,,USHIG45 | USHIG49,2,"{""LeadingQuestionId"":15,""Country"":""US"",""Region"":""HI"",""Sequence"":1,""Question"":""How often are you required to file Hawaii returns?"",""QuestionCode"":null,""HelpText"":"""",""Standard"":false,""DataType"":""STRING"",""AllowMultiSelect"":false,""DomainId"":1,""LeadingQuestionAnswerId"":33,""Answer"":""Semi-annually"",""AnswerHelpText"":"""",""NextQuestionId"":null,""TaxFormCode"":""[\""USHIG45\"",\""USHIG49\""]""}"
US,HI,1,15,106,How often are you required to file Hawaii returns?,,Annually,,,STRING,False,1,,USHIG49,1,"{""LeadingQuestionId"":15,""Country"":""US"",""Region"":""HI"",""Sequence"":1,""Question"":""How often are you required to file Hawaii returns?"",""QuestionCode"":null,""HelpText"":"""",""Standard"":false,""DataType"":""STRING"",""AllowMultiSelect"":false,""DomainId"":1,""LeadingQuestionAnswerId"":106,""Answer"":""Annually"",""AnswerHelpText"":"""",""NextQuestionId"":null,""TaxFormCode"":""[\""USHIG49\""]""}"
US,IA,1,52,113,,,,,,,False,1,,USIA32028,1,"{""LeadingQuestionId"":52,""Country"":""US"",""Region"":""IA"",""Sequence"":1,""Question"":"""",""QuestionCode"":null,""HelpText"":"""",""Standard"":false,""DataType"":"""",""AllowMultiSelect"":false,""DomainId"":1,""LeadingQuestionAnswerId"":113,""Answer"":"""",""AnswerHelpText"":"""",""NextQuestionId"":null,""TaxFormCode"":""[\""USIA32028\""]""}"
US,ID,1,16,107,,,,,,,False,1,,USID850,1,"{""LeadingQuestionId"":16,""Country"":""US"",""Region"":""ID"",""Sequence"":1,""Question"":"""",""QuestionCode"":null,""HelpText"":"""",""Standard"":false,""DataType"":"""",""AllowMultiSelect"":false,""DomainId"":1,""LeadingQuestionAnswerId"":107,""Answer"":"""",""AnswerHelpText"":"""",""NextQuestionId"":null,""TaxFormCode"":""[\""USID850\""]""}"
US,IN,1,51,112,,,,,,,False,1,,USINST103,1,"{""LeadingQuestionId"":51,""Country"":""US"",""Region"":""IN"",""Sequence"":1,""Question"":"""",""QuestionCode"":null,""HelpText"":"""",""Standard"":false,""DataType"":"""",""AllowMultiSelect"":false,""DomainId"":1,""LeadingQuestionAnswerId"":112,""Answer"":"""",""AnswerHelpText"":"""",""NextQuestionId"":null,""TaxFormCode"":""[\""USINST103\""]""}"
US,IL,1,50,111,,,,,,,False,1,,USILST1,1,"{""LeadingQuestionId"":50,""Country"":""US"",""Region"":""IL"",""Sequence"":1,""Question"":"""",""QuestionCode"":null,""HelpText"":"""",""Standard"":false,""DataType"":"""",""AllowMultiSelect"":false,""DomainId"":1,""LeadingQuestionAnswerId"":111,""Answer"":"""",""AnswerHelpText"":"""",""NextQuestionId"":null,""TaxFormCode"":""[\""USILST1\""]""}"
US,KS,1,17,36,Kansas has a separate return for each tax type. Some businesses may be registered to collect more than one tax type and file multiple returns. Which tax types are you registered to collect?,,Retailers' compensating use tax,Out-of-state businesses generally register to collect retailers’ compensating use tax and file the CT-9U return. Your account number begins with 005 if you are registered to collect this tax.,,STRING,True,1,,USKSCT9U,1,"{""LeadingQuestionId"":17,""Country"":""US"",""Region"":""KS"",""Sequence"":1,""Question"":""Kansas has a separate return for each tax type. Some businesses may be registered to collect more than one tax type and file multiple returns.\n\nWhich tax types are you registered to collect?"",""QuestionCode"":null,""HelpText"":"""",""Standard"":false,""DataType"":""STRING"",""AllowMultiSelect"":true,""DomainId"":1,""LeadingQuestionAnswerId"":36,""Answer"":""Retailers' compensating use tax"",""AnswerHelpText"":""Out-of-state businesses generally register to collect retailers\u2019 compensating use tax and file the CT-9U return. Your account number begins with 005 if you are registered to collect this tax."",""NextQuestionId"":null,""TaxFormCode"":""[\""USKSCT9U\""]""}"
US,KS,1,17,37,Kansas has a separate return for each tax type. Some businesses may be registered to collect more than one tax type and file multiple returns. Which tax types are you registered to collect?,,Sales tax,Businesses with physical presence in Kansas generally register to collect sales tax on all sales. Your account number begins with 004 if you are registered to collect this tax.,,STRING,True,1,,USKSST36,1,"{""LeadingQuestionId"":17,""Country"":""US"",""Region"":""KS"",""Sequence"":1,""Question"":""Kansas has a separate return for each tax type. Some businesses may be registered to collect more than one tax type and file multiple returns.\n\nWhich tax types are you registered to collect?"",""QuestionCode"":null,""HelpText"":"""",""Standard"":false,""DataType"":""STRING"",""AllowMultiSelect"":true,""DomainId"":1,""LeadingQuestionAnswerId"":37,""Answer"":""Sales tax"",""AnswerHelpText"":""Businesses with physical presence in Kansas generally register to collect sales tax on all sales. Your account number begins with 004 if you are registered to collect this tax."",""NextQuestionId"":null,""TaxFormCode"":""[\""USKSST36\""]""}"
US,KS,1,17,38,Kansas has a separate return for each tax type. Some businesses may be registered to collect more than one tax type and file multiple returns. Which tax types are you registered to collect?,,Consumer use tax,Businesses that self-assess use tax on purchases in Kansas generally register to report consumer use tax. Your account number begins with 006 if you are registered to collect this tax.,,STRING,True,1,,USKSCT10U,1,"{""LeadingQuestionId"":17,""Country"":""US"",""Region"":""KS"",""Sequence"":1,""Question"":""Kansas has a separate return for each tax type. Some businesses may be registered to collect more than one tax type and file multiple returns.\n\nWhich tax types are you registered to collect?"",""QuestionCode"":null,""HelpText"":"""",""Standard"":false,""DataType"":""STRING"",""AllowMultiSelect"":true,""DomainId"":1,""LeadingQuestionAnswerId"":38,""Answer"":""Consumer use tax"",""AnswerHelpText"":""Businesses that self-assess use tax on purchases in Kansas generally register to report consumer use tax. Your account number begins with 006 if you are registered to collect this tax."",""NextQuestionId"":null,""TaxFormCode"":""[\""USKSCT10U\""]""}"
US,LA,1,18,39,How are you registered in Louisiana?,,As a remote seller,Your business is located outside of Louisiana and has met the economic nexus requirements. You are registered with the Louisiana Sales and Use Tax Commission for Remote Sellers.,,STRING,False,1,,USLARSSTR,1,"{""LeadingQuestionId"":18,""Country"":""US"",""Region"":""LA"",""Sequence"":1,""Question"":""How are you registered in Louisiana?"",""QuestionCode"":null,""HelpText"":"""",""Standard"":false,""DataType"":""STRING"",""AllowMultiSelect"":false,""DomainId"":1,""LeadingQuestionAnswerId"":39,""Answer"":""As a remote seller"",""AnswerHelpText"":""Your business is located outside of Louisiana and has met the economic nexus requirements. You are registered with the Louisiana Sales and Use Tax Commission for Remote Sellers."",""NextQuestionId"":null,""TaxFormCode"":""[\""USLARSSTR\""]""}"
US,LA,1,18,40,How are you registered in Louisiana?,,As a direct marketer,Your out-of-state business hasn’t met economic nexus requirements but volunteers to collect a flat 8.45% rate.,,STRING,False,1,,USLAR1031,1,"{""LeadingQuestionId"":18,""Country"":""US"",""Region"":""LA"",""Sequence"":1,""Question"":""How are you registered in Louisiana?"",""QuestionCode"":null,""HelpText"":"""",""Standard"":false,""DataType"":""STRING"",""AllowMultiSelect"":false,""DomainId"":1,""LeadingQuestionAnswerId"":40,""Answer"":""As a direct marketer"",""AnswerHelpText"":""Your out-of-state business hasn\u2019t met economic nexus requirements but volunteers to collect a flat 8.45% rate."",""NextQuestionId"":null,""TaxFormCode"":""[\""USLAR1031\""]""}"
US,LA,1,18,41,How are you registered in Louisiana?,,As an in-state dealer,Your business has physical presence in Louisiana.,,STRING,False,1,,USLAR1029A,1,"{""LeadingQuestionId"":18,""Country"":""US"",""Region"":""LA"",""Sequence"":1,""Question"":""How are you registered in Louisiana?"",""QuestionCode"":null,""HelpText"":"""",""Standard"":false,""DataType"":""STRING"",""AllowMultiSelect"":false,""DomainId"":1,""LeadingQuestionAnswerId"":41,""Answer"":""As an in-state dealer"",""AnswerHelpText"":""Your business has physical presence in Louisiana."",""NextQuestionId"":null,""TaxFormCode"":""[\""USLAR1029A\""]""}"
US,KY,1,53,114,,,,,,,False,1,,USKY51A102,1,"{""LeadingQuestionId"":53,""Country"":""US"",""Region"":""KY"",""Sequence"":1,""Question"":"""",""QuestionCode"":null,""HelpText"":"""",""Standard"":false,""DataType"":"""",""AllowMultiSelect"":false,""DomainId"":1,""LeadingQuestionAnswerId"":114,""Answer"":"""",""AnswerHelpText"":"""",""NextQuestionId"":null,""TaxFormCode"":""[\""USKY51A102\""]""}"
US,MA,1,21,47,Are you required to make prepayments in Massachusetts?,,Yes,,,BOOLEAN,False,1,,USMAST9 | USMAPREPAY,2,"{""LeadingQuestionId"":21,""Country"":""US"",""Region"":""MA"",""Sequence"":1,""Question"":""Are you required to make prepayments in Massachusetts?"",""QuestionCode"":null,""HelpText"":"""",""Standard"":false,""DataType"":""BOOLEAN"",""AllowMultiSelect"":false,""DomainId"":1,""LeadingQuestionAnswerId"":47,""Answer"":""Yes"",""AnswerHelpText"":"""",""NextQuestionId"":null,""TaxFormCode"":""[\""USMAST9\"",\""USMAPREPAY\""]""}"
US,MA,1,21,48,Are you required to make prepayments in Massachusetts?,,No,,,BOOLEAN,False,1,,USMAST9,1,"{""LeadingQuestionId"":21,""Country"":""US"",""Region"":""MA"",""Sequence"":1,""Question"":""Are you required to make prepayments in Massachusetts?"",""QuestionCode"":null,""HelpText"":"""",""Standard"":false,""DataType"":""BOOLEAN"",""AllowMultiSelect"":false,""DomainId"":1,""LeadingQuestionAnswerId"":48,""Answer"":""No"",""AnswerHelpText"":"""",""NextQuestionId"":null,""TaxFormCode"":""[\""USMAST9\""]""}"
US,MD,1,54,115,,,,,,,False,1,,USMDSALESUSE,1,"{""LeadingQuestionId"":54,""Country"":""US"",""Region"":""MD"",""Sequence"":1,""Question"":"""",""QuestionCode"":null,""HelpText"":"""",""Standard"":false,""DataType"":"""",""AllowMultiSelect"":false,""DomainId"":1,""LeadingQuestionAnswerId"":115,""Answer"":"""",""AnswerHelpText"":"""",""NextQuestionId"":null,""TaxFormCode"":""[\""USMDSALESUSE\""]""}"
US,ME,1,19,42,Do you have any physical company locations in Maine?,,"Yes, more than one",,,STRING,False,1,20,,0,"{""LeadingQuestionId"":19,""Country"":""US"",""Region"":""ME"",""Sequence"":1,""Question"":""Do you have any physical company locations in Maine?"",""QuestionCode"":null,""HelpText"":"""",""Standard"":false,""DataType"":""STRING"",""AllowMultiSelect"":false,""DomainId"":1,""LeadingQuestionAnswerId"":42,""Answer"":""Yes, more than one"",""AnswerHelpText"":"""",""NextQuestionId"":20,""TaxFormCode"":""[]""}"
US,ME,1,19,43,Do you have any physical company locations in Maine?,,"Yes, just one",,,STRING,False,1,,USMEST7,1,"{""LeadingQuestionId"":19,""Country"":""US"",""Region"":""ME"",""Sequence"":1,""Question"":""Do you have any physical company locations in Maine?"",""QuestionCode"":null,""HelpText"":"""",""Standard"":false,""DataType"":""STRING"",""AllowMultiSelect"":false,""DomainId"":1,""LeadingQuestionAnswerId"":43,""Answer"":""Yes, just one"",""AnswerHelpText"":"""",""NextQuestionId"":null,""TaxFormCode"":""[\""USMEST7\""]""}"
US,ME,1,19,44,Do you have any physical company locations in Maine?,,No,,,STRING,False,1,,USMEST7,1,"{""LeadingQuestionId"":19,""Country"":""US"",""Region"":""ME"",""Sequence"":1,""Question"":""Do you have any physical company locations in Maine?"",""QuestionCode"":null,""HelpText"":"""",""Standard"":false,""DataType"":""STRING"",""AllowMultiSelect"":false,""DomainId"":1,""LeadingQuestionAnswerId"":44,""Answer"":""No"",""AnswerHelpText"":"""",""NextQuestionId"":null,""TaxFormCode"":""[\""USMEST7\""]""}"
US,ME,2,20,45,How do you file returns in Maine?,,One consolidated return for all locations,,,STRING,False,1,,USMEST7B,1,"{""LeadingQuestionId"":20,""Country"":""US"",""Region"":""ME"",""Sequence"":2,""Question"":""How do you file returns in Maine?"",""QuestionCode"":null,""HelpText"":"""",""Standard"":false,""DataType"":""STRING"",""AllowMultiSelect"":false,""DomainId"":1,""LeadingQuestionAnswerId"":45,""Answer"":""One consolidated return for all locations"",""AnswerHelpText"":"""",""NextQuestionId"":null,""TaxFormCode"":""[\""USMEST7B\""]""}"
US,ME,2,20,46,How do you file returns in Maine?,,A separate return for each location,,,STRING,False,1,,USMEST7,1,"{""LeadingQuestionId"":20,""Country"":""US"",""Region"":""ME"",""Sequence"":2,""Question"":""How do you file returns in Maine?"",""QuestionCode"":null,""HelpText"":"""",""Standard"":false,""DataType"":""STRING"",""AllowMultiSelect"":false,""DomainId"":1,""LeadingQuestionAnswerId"":46,""Answer"":""A separate return for each location"",""AnswerHelpText"":"""",""NextQuestionId"":null,""TaxFormCode"":""[\""USMEST7\""]""}"
US,MN,1,23,52,Do you have any retail stores or other physical locations in Minnesota?,,Yes,,,BOOLEAN,False,1,24,,0,"{""LeadingQuestionId"":23,""Country"":""US"",""Region"":""MN"",""Sequence"":1,""Question"":""Do you have any retail stores or other physical locations in Minnesota?"",""QuestionCode"":null,""HelpText"":"""",""Standard"":false,""DataType"":""BOOLEAN"",""AllowMultiSelect"":false,""DomainId"":1,""LeadingQuestionAnswerId"":52,""Answer"":""Yes"",""AnswerHelpText"":"""",""NextQuestionId"":24,""TaxFormCode"":""[]""}"
US,MN,1,23,53,Do you have any retail stores or other physical locations in Minnesota?,,No,,,BOOLEAN,False,1,,USMNPV49,1,"{""LeadingQuestionId"":23,""Country"":""US"",""Region"":""MN"",""Sequence"":1,""Question"":""Do you have any retail stores or other physical locations in Minnesota?"",""QuestionCode"":null,""HelpText"":"""",""Standard"":false,""DataType"":""BOOLEAN"",""AllowMultiSelect"":false,""DomainId"":1,""LeadingQuestionAnswerId"":53,""Answer"":""No"",""AnswerHelpText"":"""",""NextQuestionId"":null,""TaxFormCode"":""[\""USMNPV49\""]""}"
US,MN,2,24,54,How do you file your returns in Minnesota?,,Separate returns for each location,,,STRING,False,1,,USMNPV49,1,"{""LeadingQuestionId"":24,""Country"":""US"",""Region"":""MN"",""Sequence"":2,""Question"":""How do you file your returns in Minnesota?"",""QuestionCode"":null,""HelpText"":"""",""Standard"":false,""DataType"":""STRING"",""AllowMultiSelect"":false,""DomainId"":1,""LeadingQuestionAnswerId"":54,""Answer"":""Separate returns for each location"",""AnswerHelpText"":"""",""NextQuestionId"":null,""TaxFormCode"":""[\""USMNPV49\""]""}"
US,MN,2,24,55,How do you file your returns in Minnesota?,,One consolidated return for all locations,,,STRING,False,1,,USMNST1CS,1,"{""LeadingQuestionId"":24,""Country"":""US"",""Region"":""MN"",""Sequence"":2,""Question"":""How do you file your returns in Minnesota?"",""QuestionCode"":null,""HelpText"":"""",""Standard"":false,""DataType"":""STRING"",""AllowMultiSelect"":false,""DomainId"":1,""LeadingQuestionAnswerId"":55,""Answer"":""One consolidated return for all locations"",""AnswerHelpText"":"""",""NextQuestionId"":null,""TaxFormCode"":""[\""USMNST1CS\""]""}"
US,MI,1,22,49,How often are you required to file Michigan returns?,,Monthly,,,STRING,False,1,,USMI5080SU | USMI5081,2,"{""LeadingQuestionId"":22,""Country"":""US"",""Region"":""MI"",""Sequence"":1,""Question"":""How often are you required to file Michigan returns?"",""QuestionCode"":null,""HelpText"":"""",""Standard"":false,""DataType"":""STRING"",""AllowMultiSelect"":false,""DomainId"":1,""LeadingQuestionAnswerId"":49,""Answer"":""Monthly"",""AnswerHelpText"":"""",""NextQuestionId"":null,""TaxFormCode"":""[\""USMI5080SU\"",\""USMI5081\""]""}"
US,MI,1,22,50,How often are you required to file Michigan returns?,,Quarterly,,,STRING,False,1,,USMI5080SU | USMI5081,2,"{""LeadingQuestionId"":22,""Country"":""US"",""Region"":""MI"",""Sequence"":1,""Question"":""How often are you required to file Michigan returns?"",""QuestionCode"":null,""HelpText"":"""",""Standard"":false,""DataType"":""STRING"",""AllowMultiSelect"":false,""DomainId"":1,""LeadingQuestionAnswerId"":50,""Answer"":""Quarterly"",""AnswerHelpText"":"""",""NextQuestionId"":null,""TaxFormCode"":""[\""USMI5080SU\"",\""USMI5081\""]""}"
US,MI,1,22,51,How often are you required to file Michigan returns?,,Annually,,,STRING,False,1,,USMI5081,1,"{""LeadingQuestionId"":22,""Country"":""US"",""Region"":""MI"",""Sequence"":1,""Question"":""How often are you required to file Michigan returns?"",""QuestionCode"":null,""HelpText"":"""",""Standard"":false,""DataType"":""STRING"",""AllowMultiSelect"":false,""DomainId"":1,""LeadingQuestionAnswerId"":51,""Answer"":""Annually"",""AnswerHelpText"":"""",""NextQuestionId"":null,""TaxFormCode"":""[\""USMI5081\""]""}"
US,MO,1,27,60,Missouri has a separate return for each tax type. Some businesses may be registered to collect more than one tax type and file multiple returns. Which types of tax are you registered to collect?,,Sales tax,Businesses that sell within Missouri are required to collect sales tax.,,STRING,True,1,,USMO531,1,"{""LeadingQuestionId"":27,""Country"":""US"",""Region"":""MO"",""Sequence"":1,""Question"":""Missouri has a separate return for each tax type. Some businesses may be registered to collect more than one tax type and file multiple returns.\r\n\r\nWhich types of tax are you registered to collect?"",""QuestionCode"":null,""HelpText"":"""",""Standard"":false,""DataType"":""STRING"",""AllowMultiSelect"":true,""DomainId"":1,""LeadingQuestionAnswerId"":60,""Answer"":""Sales tax"",""AnswerHelpText"":""Businesses that sell within Missouri are required to collect sales tax."",""NextQuestionId"":null,""TaxFormCode"":""[\""USMO531\""]""}"
US,MO,1,27,61,Missouri has a separate return for each tax type. Some businesses may be registered to collect more than one tax type and file multiple returns. Which types of tax are you registered to collect?,,Vendor use tax,Businesses that are out of state and ship to Missouri are required to collect vendor’s use tax on sales.,,STRING,True,1,,USMO53V,1,"{""LeadingQuestionId"":27,""Country"":""US"",""Region"":""MO"",""Sequence"":1,""Question"":""Missouri has a separate return for each tax type. Some businesses may be registered to collect more than one tax type and file multiple returns.\r\n\r\nWhich types of tax are you registered to collect?"",""QuestionCode"":null,""HelpText"":"""",""Standard"":false,""DataType"":""STRING"",""AllowMultiSelect"":true,""DomainId"":1,""LeadingQuestionAnswerId"":61,""Answer"":""Vendor use tax"",""AnswerHelpText"":""Businesses that are out of state and ship to Missouri are required to collect vendor\u2019s use tax on sales."",""NextQuestionId"":null,""TaxFormCode"":""[\""USMO53V\""]""}"
US,MO,1,27,62,Missouri has a separate return for each tax type. Some businesses may be registered to collect more than one tax type and file multiple returns. Which types of tax are you registered to collect?,,Consumer use tax,Businesses that self-assess use tax on purchases in Missouri generally register to report consumer use tax.,,STRING,True,1,,USMO53C,1,"{""LeadingQuestionId"":27,""Country"":""US"",""Region"":""MO"",""Sequence"":1,""Question"":""Missouri has a separate return for each tax type. Some businesses may be registered to collect more than one tax type and file multiple returns.\r\n\r\nWhich types of tax are you registered to collect?"",""QuestionCode"":null,""HelpText"":"""",""Standard"":false,""DataType"":""STRING"",""AllowMultiSelect"":true,""DomainId"":1,""LeadingQuestionAnswerId"":62,""Answer"":""Consumer use tax"",""AnswerHelpText"":""Businesses that self-assess use tax on purchases in Missouri generally register to report consumer use tax."",""NextQuestionId"":null,""TaxFormCode"":""[\""USMO53C\""]""}"
US,NC,1,57,118,,,,,,,False,1,,USNCE500E536,1,"{""LeadingQuestionId"":57,""Country"":""US"",""Region"":""NC"",""Sequence"":1,""Question"":"""",""QuestionCode"":null,""HelpText"":"""",""Standard"":false,""DataType"":"""",""AllowMultiSelect"":false,""DomainId"":1,""LeadingQuestionAnswerId"":118,""Answer"":"""",""AnswerHelpText"":"""",""NextQuestionId"":null,""TaxFormCode"":""[\""USNCE500E536\""]""}"
US,MS,1,25,56,What type of tax are you registered to collect in Mississippi?,,Use tax,"If your business is out of state and ships to Mississippi, you generally register to collect and file use tax.",,STRING,True,1,,USMS72110015,1,"{""LeadingQuestionId"":25,""Country"":""US"",""Region"":""MS"",""Sequence"":1,""Question"":""What type of tax are you registered to collect in Mississippi?"",""QuestionCode"":null,""HelpText"":"""",""Standard"":false,""DataType"":""STRING"",""AllowMultiSelect"":true,""DomainId"":1,""LeadingQuestionAnswerId"":56,""Answer"":""Use tax"",""AnswerHelpText"":""If your business is out of state and ships to Mississippi, you generally register to collect and file use tax."",""NextQuestionId"":null,""TaxFormCode"":""[\""USMS72110015\""]""}"
US,MS,1,25,57,What type of tax are you registered to collect in Mississippi?,,Sales tax,If your business has a physical presence in Mississippi you are generally required to register to collect and file sales tax.,,STRING,True,1,26,,0,"{""LeadingQuestionId"":25,""Country"":""US"",""Region"":""MS"",""Sequence"":1,""Question"":""What type of tax are you registered to collect in Mississippi?"",""QuestionCode"":null,""HelpText"":"""",""Standard"":false,""DataType"":""STRING"",""AllowMultiSelect"":true,""DomainId"":1,""LeadingQuestionAnswerId"":57,""Answer"":""Sales tax"",""AnswerHelpText"":""If your business has a physical presence in Mississippi you are generally required to register to collect and file sales tax."",""NextQuestionId"":26,""TaxFormCode"":""[]""}"
US,MS,2,26,58,Do you have more than one physical company location registered in Mississippi?,,Yes,,,BOOLEAN,False,1,,USMS72010OUTLETS,1,"{""LeadingQuestionId"":26,""Country"":""US"",""Region"":""MS"",""Sequence"":2,""Question"":""Do you have more than one physical company location registered in Mississippi?"",""QuestionCode"":null,""HelpText"":"""",""Standard"":false,""DataType"":""BOOLEAN"",""AllowMultiSelect"":false,""DomainId"":1,""LeadingQuestionAnswerId"":58,""Answer"":""Yes"",""AnswerHelpText"":"""",""NextQuestionId"":null,""TaxFormCode"":""[\""USMS72010OUTLETS\""]""}"
US,MS,2,26,59,Do you have more than one physical company location registered in Mississippi?,,No,,,BOOLEAN,False,1,,USMS72010,1,"{""LeadingQuestionId"":26,""Country"":""US"",""Region"":""MS"",""Sequence"":2,""Question"":""Do you have more than one physical company location registered in Mississippi?"",""QuestionCode"":null,""HelpText"":"""",""Standard"":false,""DataType"":""BOOLEAN"",""AllowMultiSelect"":false,""DomainId"":1,""LeadingQuestionAnswerId"":59,""Answer"":""No"",""AnswerHelpText"":"""",""NextQuestionId"":null,""TaxFormCode"":""[\""USMS72010\""]""}"
US,ND,1,58,119,,,,,,,False,1,,USNDST1,1,"{""LeadingQuestionId"":58,""Country"":""US"",""Region"":""ND"",""Sequence"":1,""Question"":"""",""QuestionCode"":null,""HelpText"":"""",""Standard"":false,""DataType"":"""",""AllowMultiSelect"":false,""DomainId"":1,""LeadingQuestionAnswerId"":119,""Answer"":"""",""AnswerHelpText"":"""",""NextQuestionId"":null,""TaxFormCode"":""[\""USNDST1\""]""}"
US,NE,1,55,116,,,,,,,False,1,,USNEFORM10COMBINED,1,"{""LeadingQuestionId"":55,""Country"":""US"",""Region"":""NE"",""Sequence"":1,""Question"":"""",""QuestionCode"":null,""HelpText"":"""",""Standard"":false,""DataType"":"""",""AllowMultiSelect"":false,""DomainId"":1,""LeadingQuestionAnswerId"":116,""Answer"":"""",""AnswerHelpText"":"""",""NextQuestionId"":null,""TaxFormCode"":""[\""USNEFORM10COMBINED\""]""}"
US,NJ,1,28,63,Are you required to make monthly prepayments in New Jersey?,,Yes,,,BOOLEAN,False,1,,USNJST50 | USNJST51,2,"{""LeadingQuestionId"":28,""Country"":""US"",""Region"":""NJ"",""Sequence"":1,""Question"":""Are you required to make monthly prepayments in New Jersey?"",""QuestionCode"":null,""HelpText"":"""",""Standard"":false,""DataType"":""BOOLEAN"",""AllowMultiSelect"":false,""DomainId"":1,""LeadingQuestionAnswerId"":63,""Answer"":""Yes"",""AnswerHelpText"":"""",""NextQuestionId"":null,""TaxFormCode"":""[\""USNJST50\"",\""USNJST51\""]""}"
US,NJ,1,28,64,Are you required to make monthly prepayments in New Jersey?,,No,,,BOOLEAN,False,1,,USNJST50,1,"{""LeadingQuestionId"":28,""Country"":""US"",""Region"":""NJ"",""Sequence"":1,""Question"":""Are you required to make monthly prepayments in New Jersey?"",""QuestionCode"":null,""HelpText"":"""",""Standard"":false,""DataType"":""BOOLEAN"",""AllowMultiSelect"":false,""DomainId"":1,""LeadingQuestionAnswerId"":64,""Answer"":""No"",""AnswerHelpText"":"""",""NextQuestionId"":null,""TaxFormCode"":""[\""USNJST50\""]""}"
US,NV,1,56,117,,,,,,,False,1,,USNVTXR01,1,"{""LeadingQuestionId"":56,""Country"":""US"",""Region"":""NV"",""Sequence"":1,""Question"":"""",""QuestionCode"":null,""HelpText"":"""",""Standard"":false,""DataType"":"""",""AllowMultiSelect"":false,""DomainId"":1,""LeadingQuestionAnswerId"":117,""Answer"":"""",""AnswerHelpText"":"""",""NextQuestionId"":null,""TaxFormCode"":""[\""USNVTXR01\""]""}"
US,NM,1,29,65,Do you self-assess compensating use tax on purchases that you need to report to New Mexico?,,Yes,,"Similar to consumer use tax, compensating tax is an excise tax imposed on businesses using tangible property, services, licenses or franchises in New Mexico.",BOOLEAN,False,1,,USNMTRD41412 | USNMTRD41413,2,"{""LeadingQuestionId"":29,""Country"":""US"",""Region"":""NM"",""Sequence"":1,""Question"":""Do you self-assess compensating use tax on purchases that you need to report to New Mexico?"",""QuestionCode"":null,""HelpText"":""Similar to consumer use tax, compensating tax is an excise tax imposed on businesses using tangible property, services, licenses or franchises in New Mexico."",""Standard"":false,""DataType"":""BOOLEAN"",""AllowMultiSelect"":false,""DomainId"":1,""LeadingQuestionAnswerId"":65,""Answer"":""Yes"",""AnswerHelpText"":"""",""NextQuestionId"":null,""TaxFormCode"":""[\""USNMTRD41412\"",\""USNMTRD41413\""]""}"
US,NM,1,29,66,Do you self-assess compensating use tax on purchases that you need to report to New Mexico?,,No,,"Similar to consumer use tax, compensating tax is an excise tax imposed on businesses using tangible property, services, licenses or franchises in New Mexico.",BOOLEAN,False,1,,USNMTRD41413,1,"{""LeadingQuestionId"":29,""Country"":""US"",""Region"":""NM"",""Sequence"":1,""Question"":""Do you self-assess compensating use tax on purchases that you need to report to New Mexico?"",""QuestionCode"":null,""HelpText"":""Similar to consumer use tax, compensating tax is an excise tax imposed on businesses using tangible property, services, licenses or franchises in New Mexico."",""Standard"":false,""DataType"":""BOOLEAN"",""AllowMultiSelect"":false,""DomainId"":1,""LeadingQuestionAnswerId"":66,""Answer"":""No"",""AnswerHelpText"":"""",""NextQuestionId"":null,""TaxFormCode"":""[\""USNMTRD41413\""]""}"
US,NY,1,30,67,How often are you required to file a return in New York?,,Quarterly,"Most businesses file the quarterly ST-100 return when they first register to collect tax. Your business may file quarterly returns if: Your taxable receipts, purchases subject to use tax, rents, and amusement charges are less than $300,000 during the previous quarter; AND you have not been notified that you should file annually.",,STRING,False,1,,USNYST100,1,"{""LeadingQuestionId"":30,""Country"":""US"",""Region"":""NY"",""Sequence"":1,""Question"":""How often are you required to file a return in New York?"",""QuestionCode"":null,""HelpText"":"""",""Standard"":false,""DataType"":""STRING"",""AllowMultiSelect"":false,""DomainId"":1,""LeadingQuestionAnswerId"":67,""Answer"":""Quarterly"",""AnswerHelpText"":""Most businesses file the quarterly ST-100 return when they first register to collect tax. Your business may file quarterly returns if: Your taxable receipts, purchases subject to use tax, rents, and amusement charges are less than $300,000 during the previous quarter; AND you have not been notified that you should file annually."",""NextQuestionId"":null,""TaxFormCode"":""[\""USNYST100\""]""}"
US,NY,1,30,68,How often are you required to file a return in New York?,,Annually,"The state may instruct you to file the annual ST-101 return if you owe $3,000 or less in tax during an annual filing period.",,STRING,False,1,,USNYST101,1,"{""LeadingQuestionId"":30,""Country"":""US"",""Region"":""NY"",""Sequence"":1,""Question"":""How often are you required to file a return in New York?"",""QuestionCode"":null,""HelpText"":"""",""Standard"":false,""DataType"":""STRING"",""AllowMultiSelect"":false,""DomainId"":1,""LeadingQuestionAnswerId"":68,""Answer"":""Annually"",""AnswerHelpText"":""The state may instruct you to file the annual ST-101 return if you owe $3,000 or less in tax during an annual filing period."",""NextQuestionId"":null,""TaxFormCode"":""[\""USNYST101\""]""}"
US,NY,1,30,69,How often are you required to file a return in New York?,,Part-quarterly (monthly),"This filing frequency is generally required for businesses with a combined total of taxable receipts, purchases subject to tax, rents, and amusement charges of $300,000 or more in a quarter. Some large businesses are required to file the ST-810 return for the first 2 months of a quarter, and an additional return for the last month of the quarter.",,STRING,False,1,31,,0,"{""LeadingQuestionId"":30,""Country"":""US"",""Region"":""NY"",""Sequence"":1,""Question"":""How often are you required to file a return in New York?"",""QuestionCode"":null,""HelpText"":"""",""Standard"":false,""DataType"":""STRING"",""AllowMultiSelect"":false,""DomainId"":1,""LeadingQuestionAnswerId"":69,""Answer"":""Part-quarterly (monthly)"",""AnswerHelpText"":""This filing frequency is generally required for businesses with a combined total of taxable receipts, purchases subject to tax, rents, and amusement charges of $300,000 or more in a quarter. Some large businesses are required to file the ST-810 return for the first 2 months of a quarter, and an additional return for the last month of the quarter."",""NextQuestionId"":31,""TaxFormCode"":""[]""}"
US,NY,2,31,70,How do you file for the last month of each quarter?,,ST-809 return,Most businesses that file the ST-810 return also file the ST-809 return.,,,False,1,,USNYST810 | USNYST809,2,"{""LeadingQuestionId"":31,""Country"":""US"",""Region"":""NY"",""Sequence"":2,""Question"":""How do you file for the last month of each quarter?"",""QuestionCode"":null,""HelpText"":"""",""Standard"":false,""DataType"":"""",""AllowMultiSelect"":false,""DomainId"":1,""LeadingQuestionAnswerId"":70,""Answer"":""ST-809 return"",""AnswerHelpText"":""Most businesses that file the ST-810 return also file the ST-809 return."",""NextQuestionId"":null,""TaxFormCode"":""[\""USNYST810\"",\""USNYST809\""]""}"
US,NY,2,31,71,How do you file for the last month of each quarter?,,PrompTax return,"PrompTax is an electronic filing and payment program that New York requires for certain businesses. If your business has an annual sales and use tax liability greater than $500,000, you are generally required to file PrompTax accelerated payments for the last month of each quarter.",,,False,1,,USNYST810 | USNYPROMPTAX,2,"{""LeadingQuestionId"":31,""Country"":""US"",""Region"":""NY"",""Sequence"":2,""Question"":""How do you file for the last month of each quarter?"",""QuestionCode"":null,""HelpText"":"""",""Standard"":false,""DataType"":"""",""AllowMultiSelect"":false,""DomainId"":1,""LeadingQuestionAnswerId"":71,""Answer"":""PrompTax return"",""AnswerHelpText"":""PrompTax is an electronic filing and payment program that New York requires for certain businesses.\u2028If your business has an annual sales and use tax liability greater than $500,000, you are generally required to file PrompTax accelerated payments for the last month of each quarter."",""NextQuestionId"":null,""TaxFormCode"":""[\""USNYST810\"",\""USNYPROMPTAX\""]""}"
US,OH,1,32,72,Do you self-assess consumer use tax on purchases that you need to report to Ohio?,,Yes,,,BOOLEAN,False,1,,USOHUST1 | USOHUUT1,2,"{""LeadingQuestionId"":32,""Country"":""US"",""Region"":""OH"",""Sequence"":1,""Question"":""Do you self-assess consumer use tax on purchases that you need to report to Ohio?"",""QuestionCode"":null,""HelpText"":"""",""Standard"":false,""DataType"":""BOOLEAN"",""AllowMultiSelect"":false,""DomainId"":1,""LeadingQuestionAnswerId"":72,""Answer"":""Yes"",""AnswerHelpText"":"""",""NextQuestionId"":null,""TaxFormCode"":""[\""USOHUST1\"",\""USOHUUT1\""]""}"
US,OH,1,32,73,Do you self-assess consumer use tax on purchases that you need to report to Ohio?,,No,,,BOOLEAN,False,1,,USOHUST1,1,"{""LeadingQuestionId"":32,""Country"":""US"",""Region"":""OH"",""Sequence"":1,""Question"":""Do you self-assess consumer use tax on purchases that you need to report to Ohio?"",""QuestionCode"":null,""HelpText"":"""",""Standard"":false,""DataType"":""BOOLEAN"",""AllowMultiSelect"":false,""DomainId"":1,""LeadingQuestionAnswerId"":73,""Answer"":""No"",""AnswerHelpText"":"""",""NextQuestionId"":null,""TaxFormCode"":""[\""USOHUST1\""]""}"
US,OK,1,33,74,Oklahoma has a separate return for each tax type. Some businesses may be registered to collect more than one tax type and file multiple returns. Which types of tax are you registered to collect?,,Sales tax,"If your account starts with STS, you are registered to collect sales tax, which is calculated on in-state sales.",,STRING,True,1,35,USOKSTS2000220021,1,"{""LeadingQuestionId"":33,""Country"":""US"",""Region"":""OK"",""Sequence"":1,""Question"":""Oklahoma has a separate return for each tax type. Some businesses may be registered to collect more than one tax type and file multiple returns.\r\n\r\nWhich types of tax are you registered to collect?"",""QuestionCode"":null,""HelpText"":"""",""Standard"":false,""DataType"":""STRING"",""AllowMultiSelect"":true,""DomainId"":1,""LeadingQuestionAnswerId"":74,""Answer"":""Sales tax"",""AnswerHelpText"":""If your account starts with STS, you are registered to collect sales tax, which is calculated on in-state sales."",""NextQuestionId"":35,""TaxFormCode"":""[\""USOKSTS2000220021\""]""}"
US,OK,1,33,75,Oklahoma has a separate return for each tax type. Some businesses may be registered to collect more than one tax type and file multiple returns. Which types of tax are you registered to collect?,,Vendors use tax,"If your account starts with SVU, you are registered to collect vendors use tax, which is calculated on sales shipped from out of state.",,STRING,True,1,35,USOKSVU2000520051,1,"{""LeadingQuestionId"":33,""Country"":""US"",""Region"":""OK"",""Sequence"":1,""Question"":""Oklahoma has a separate return for each tax type. Some businesses may be registered to collect more than one tax type and file multiple returns.\r\n\r\nWhich types of tax are you registered to collect?"",""QuestionCode"":null,""HelpText"":"""",""Standard"":false,""DataType"":""STRING"",""AllowMultiSelect"":true,""DomainId"":1,""LeadingQuestionAnswerId"":75,""Answer"":""Vendors use tax"",""AnswerHelpText"":""If your account starts with SVU, you are registered to collect vendors use tax, which is calculated on sales shipped from out of state."",""NextQuestionId"":35,""TaxFormCode"":""[\""USOKSVU2000520051\""]""}"
US,OK,1,33,76,Oklahoma has a separate return for each tax type. Some businesses may be registered to collect more than one tax type and file multiple returns. Which types of tax are you registered to collect?,,Consumer use tax,"If your account starts with SCU, you are registered to report consumer use tax, which is self-assessed on some purchases.",,STRING,True,1,35,USOKSCU2000420041,1,"{""LeadingQuestionId"":33,""Country"":""US"",""Region"":""OK"",""Sequence"":1,""Question"":""Oklahoma has a separate return for each tax type. Some businesses may be registered to collect more than one tax type and file multiple returns.\r\n\r\nWhich types of tax are you registered to collect?"",""QuestionCode"":null,""HelpText"":"""",""Standard"":false,""DataType"":""STRING"",""AllowMultiSelect"":true,""DomainId"":1,""LeadingQuestionAnswerId"":76,""Answer"":""Consumer use tax"",""AnswerHelpText"":""If your account starts with SCU, you are registered to report consumer use tax, which is self-assessed on some purchases."",""NextQuestionId"":35,""TaxFormCode"":""[\""USOKSCU2000420041\""]""}"
US,OK,3,35,77,Are you required to make prepayments in Oklahoma?,,Yes,,,BOOLEAN,False,1,,USOKPREPAY,1,"{""LeadingQuestionId"":35,""Country"":""US"",""Region"":""OK"",""Sequence"":3,""Question"":""Are you required to make prepayments in Oklahoma?"",""QuestionCode"":null,""HelpText"":"""",""Standard"":false,""DataType"":""BOOLEAN"",""AllowMultiSelect"":false,""DomainId"":1,""LeadingQuestionAnswerId"":77,""Answer"":""Yes"",""AnswerHelpText"":"""",""NextQuestionId"":null,""TaxFormCode"":""[\""USOKPREPAY\""]""}"
US,OK,3,35,78,Are you required to make prepayments in Oklahoma?,,No,,,BOOLEAN,False,1,,,0,"{""LeadingQuestionId"":35,""Country"":""US"",""Region"":""OK"",""Sequence"":3,""Question"":""Are you required to make prepayments in Oklahoma?"",""QuestionCode"":null,""HelpText"":"""",""Standard"":false,""DataType"":""BOOLEAN"",""AllowMultiSelect"":false,""DomainId"":1,""LeadingQuestionAnswerId"":78,""Answer"":""No"",""AnswerHelpText"":"""",""NextQuestionId"":null,""TaxFormCode"":""[]""}"
US,PA,1,36,79,Are you required to make prepayments in Pennsylvania?,,Yes,,,BOOLEAN,False,1,,USPAPA3R | USPAPREPAY,2,"{""LeadingQuestionId"":36,""Country"":""US"",""Region"":""PA"",""Sequence"":1,""Question"":""Are you required to make prepayments in Pennsylvania?"",""QuestionCode"":null,""HelpText"":"""",""Standard"":false,""DataType"":""BOOLEAN"",""AllowMultiSelect"":false,""DomainId"":1,""LeadingQuestionAnswerId"":79,""Answer"":""Yes"",""AnswerHelpText"":"""",""NextQuestionId"":null,""TaxFormCode"":""[\""USPAPA3R\"",\""USPAPREPAY\""]""}"
US,PA,1,36,80,Are you required to make prepayments in Pennsylvania?,,No,,,BOOLEAN,False,1,,USPAPA3R,1,"{""LeadingQuestionId"":36,""Country"":""US"",""Region"":""PA"",""Sequence"":1,""Question"":""Are you required to make prepayments in Pennsylvania?"",""QuestionCode"":null,""HelpText"":"""",""Standard"":false,""DataType"":""BOOLEAN"",""AllowMultiSelect"":false,""DomainId"":1,""LeadingQuestionAnswerId"":80,""Answer"":""No"",""AnswerHelpText"":"""",""NextQuestionId"":null,""TaxFormCode"":""[\""USPAPA3R\""]""}"
US,SC,1,60,121,,,,,,,False,1,,USSCST3,1,"{""LeadingQuestionId"":60,""Country"":""US"",""Region"":""SC"",""Sequence"":1,""Question"":"""",""QuestionCode"":null,""HelpText"":"""",""Standard"":false,""DataType"":"""",""AllowMultiSelect"":false,""DomainId"":1,""LeadingQuestionAnswerId"":121,""Answer"":"""",""AnswerHelpText"":"""",""NextQuestionId"":null,""TaxFormCode"":""[\""USSCST3\""]""}"
US,RI,1,59,120,,,,,,,False,1,,USRISTR,1,"{""LeadingQuestionId"":59,""Country"":""US"",""Region"":""RI"",""Sequence"":1,""Question"":"""",""QuestionCode"":null,""HelpText"":"""",""Standard"":false,""DataType"":"""",""AllowMultiSelect"":false,""DomainId"":1,""LeadingQuestionAnswerId"":120,""Answer"":"""",""AnswerHelpText"":"""",""NextQuestionId"":null,""TaxFormCode"":""[\""USRISTR\""]""}"
US,SD,1,61,122,,,,,,,False,1,,USSDRV11STRTNMTS,1,"{""LeadingQuestionId"":61,""Country"":""US"",""Region"":""SD"",""Sequence"":1,""Question"":"""",""QuestionCode"":null,""HelpText"":"""",""Standard"":false,""DataType"":"""",""AllowMultiSelect"":false,""DomainId"":1,""LeadingQuestionAnswerId"":122,""Answer"":"""",""AnswerHelpText"":"""",""NextQuestionId"":null,""TaxFormCode"":""[\""USSDRV11STRTNMTS\""]""}"
US,TN,1,37,81,Do you have any physical company locations in Tennessee?,,No,,,STRING,False,1,,USTNSLS450,1,"{""LeadingQuestionId"":37,""Country"":""US"",""Region"":""TN"",""Sequence"":1,""Question"":""Do you have any physical company locations in Tennessee?"",""QuestionCode"":null,""HelpText"":"""",""Standard"":false,""DataType"":""STRING"",""AllowMultiSelect"":false,""DomainId"":1,""LeadingQuestionAnswerId"":81,""Answer"":""No"",""AnswerHelpText"":"""",""NextQuestionId"":null,""TaxFormCode"":""[\""USTNSLS450\""]""}"
US,TN,1,37,82,Do you have any physical company locations in Tennessee?,,"Yes, just one",,,STRING,False,1,38,,0,"{""LeadingQuestionId"":37,""Country"":""US"",""Region"":""TN"",""Sequence"":1,""Question"":""Do you have any physical company locations in Tennessee?"",""QuestionCode"":null,""HelpText"":"""",""Standard"":false,""DataType"":""STRING"",""AllowMultiSelect"":false,""DomainId"":1,""LeadingQuestionAnswerId"":82,""Answer"":""Yes, just one"",""AnswerHelpText"":"""",""NextQuestionId"":38,""TaxFormCode"":""[]""}"
US,TN,1,37,83,Do you have any physical company locations in Tennessee?,,More than one,,,STRING,False,1,,USTNSLS450CS,1,"{""LeadingQuestionId"":37,""Country"":""US"",""Region"":""TN"",""Sequence"":1,""Question"":""Do you have any physical company locations in Tennessee?"",""QuestionCode"":null,""HelpText"":"""",""Standard"":false,""DataType"":""STRING"",""AllowMultiSelect"":false,""DomainId"":1,""LeadingQuestionAnswerId"":83,""Answer"":""More than one"",""AnswerHelpText"":"""",""NextQuestionId"":null,""TaxFormCode"":""[\""USTNSLS450CS\""]""}"
US,TN,2,38,84,Do you ship products to Tennessee from out of state?,,Yes,,,BOOLEAN,False,1,,USTNSLS450CS,1,"{""LeadingQuestionId"":38,""Country"":""US"",""Region"":""TN"",""Sequence"":2,""Question"":""Do you ship products to Tennessee from out of state?"",""QuestionCode"":null,""HelpText"":"""",""Standard"":false,""DataType"":""BOOLEAN"",""AllowMultiSelect"":false,""DomainId"":1,""LeadingQuestionAnswerId"":84,""Answer"":""Yes"",""AnswerHelpText"":"""",""NextQuestionId"":null,""TaxFormCode"":""[\""USTNSLS450CS\""]""}"
US,TN,2,38,85,Do you ship products to Tennessee from out of state?,,No,,,BOOLEAN,False,1,,USTNSLS450,1,"{""LeadingQuestionId"":38,""Country"":""US"",""Region"":""TN"",""Sequence"":2,""Question"":""Do you ship products to Tennessee from out of state?"",""QuestionCode"":null,""HelpText"":"""",""Standard"":false,""DataType"":""BOOLEAN"",""AllowMultiSelect"":false,""DomainId"":1,""LeadingQuestionAnswerId"":85,""Answer"":""No"",""AnswerHelpText"":"""",""NextQuestionId"":null,""TaxFormCode"":""[\""USTNSLS450\""]""}"
US,TX,1,39,86,Do you have any physical company locations in Texas?,,No,,,STRING,False,1,,USTX0111401116,1,"{""LeadingQuestionId"":39,""Country"":""US"",""Region"":""TX"",""Sequence"":1,""Question"":""Do you have any physical company locations in Texas? "",""QuestionCode"":null,""HelpText"":"""",""Standard"":false,""DataType"":""STRING"",""AllowMultiSelect"":false,""DomainId"":1,""LeadingQuestionAnswerId"":86,""Answer"":""No"",""AnswerHelpText"":"""",""NextQuestionId"":null,""TaxFormCode"":""[\""USTX0111401116\""]""}"
US,TX,1,39,87,Do you have any physical company locations in Texas?,,"Yes, just one",,,STRING,False,1,65,,0,"{""LeadingQuestionId"":39,""Country"":""US"",""Region"":""TX"",""Sequence"":1,""Question"":""Do you have any physical company locations in Texas? "",""QuestionCode"":null,""HelpText"":"""",""Standard"":false,""DataType"":""STRING"",""AllowMultiSelect"":false,""DomainId"":1,""LeadingQuestionAnswerId"":87,""Answer"":""Yes, just one"",""AnswerHelpText"":"""",""NextQuestionId"":65,""TaxFormCode"":""[]""}"
US,TX,1,39,88,Do you have any physical company locations in Texas?,,More than one,,,STRING,False,1,,USTX011140111501116,1,"{""LeadingQuestionId"":39,""Country"":""US"",""Region"":""TX"",""Sequence"":1,""Question"":""Do you have any physical company locations in Texas? "",""QuestionCode"":null,""HelpText"":"""",""Standard"":false,""DataType"":""STRING"",""AllowMultiSelect"":false,""DomainId"":1,""LeadingQuestionAnswerId"":88,""Answer"":""More than one"",""AnswerHelpText"":"""",""NextQuestionId"":null,""TaxFormCode"":""[\""USTX011140111501116\""]""}"
US,TX,2,65,127,Do you ship products to Texas from outside the state?,,Yes,,,BOOLEAN,False,1,,USTX011140111501116,1,"{""LeadingQuestionId"":65,""Country"":""US"",""Region"":""TX"",""Sequence"":2,""Question"":""Do you ship products to Texas from outside the state? "",""QuestionCode"":null,""HelpText"":"""",""Standard"":false,""DataType"":""BOOLEAN"",""AllowMultiSelect"":false,""DomainId"":1,""LeadingQuestionAnswerId"":127,""Answer"":""Yes"",""AnswerHelpText"":"""",""NextQuestionId"":null,""TaxFormCode"":""[\""USTX011140111501116\""]""}"
US,TX,2,65,128,Do you ship products to Texas from outside the state?,,No,,,BOOLEAN,False,1,,USTX0111401116,1,"{""LeadingQuestionId"":65,""Country"":""US"",""Region"":""TX"",""Sequence"":2,""Question"":""Do you ship products to Texas from outside the state? "",""QuestionCode"":null,""HelpText"":"""",""Standard"":false,""DataType"":""BOOLEAN"",""AllowMultiSelect"":false,""DomainId"":1,""LeadingQuestionAnswerId"":128,""Answer"":""No"",""AnswerHelpText"":"""",""NextQuestionId"":null,""TaxFormCode"":""[\""USTX0111401116\""]""}"
US,UT,1,62,123,,,,,,,False,1,,USUTTC62MULTILOCATION,1,"{""LeadingQuestionId"":62,""Country"":""US"",""Region"":""UT"",""Sequence"":1,""Question"":"""",""QuestionCode"":null,""HelpText"":"""",""Standard"":false,""DataType"":"""",""AllowMultiSelect"":false,""DomainId"":1,""LeadingQuestionAnswerId"":123,""Answer"":"""",""AnswerHelpText"":"""",""NextQuestionId"":null,""TaxFormCode"":""[\""USUTTC62MULTILOCATION\""]""}"
US,VA,1,42,94,Virginia has a separate return for each registration type. Some businesses may be required to file multiple returns. Which registration do you have in Virginia?,,Out-of-state dealer,"If your account starts with 12, you are registered as an out-of-state dealer.",,STRING,True,1,44,USVAST1SU,1,"{""LeadingQuestionId"":42,""Country"":""US"",""Region"":""VA"",""Sequence"":1,""Question"":""Virginia has a separate return for each registration type. Some businesses may be required to file multiple returns.\n\nWhich registration do you have in Virginia?"",""QuestionCode"":null,""HelpText"":"""",""Standard"":false,""DataType"":""STRING"",""AllowMultiSelect"":true,""DomainId"":1,""LeadingQuestionAnswerId"":94,""Answer"":""Out-of-state dealer"",""AnswerHelpText"":""If your account starts with 12, you are registered as an out-of-state dealer."",""NextQuestionId"":44,""TaxFormCode"":""[\""USVAST1SU\""]""}"
US,VA,1,42,95,Virginia has a separate return for each registration type. Some businesses may be required to file multiple returns. Which registration do you have in Virginia?,,In-state dealer,"If your account starts with 10, you are registered as an in-state dealer.",,STRING,True,1,44,USVAST1SALES,1,"{""LeadingQuestionId"":42,""Country"":""US"",""Region"":""VA"",""Sequence"":1,""Question"":""Virginia has a separate return for each registration type. Some businesses may be required to file multiple returns.\n\nWhich registration do you have in Virginia?"",""QuestionCode"":null,""HelpText"":"""",""Standard"":false,""DataType"":""STRING"",""AllowMultiSelect"":true,""DomainId"":1,""LeadingQuestionAnswerId"":95,""Answer"":""In-state dealer"",""AnswerHelpText"":""If your account starts with 10, you are registered as an in-state dealer."",""NextQuestionId"":44,""TaxFormCode"":""[\""USVAST1SALES\""]""}"
US,VA,1,42,96,Virginia has a separate return for each registration type. Some businesses may be required to file multiple returns. Which registration do you have in Virginia?,,Consumer use tax,"If your account starts with 14, you are registered to report self-assessed consumer use tax on purchases.",,STRING,True,1,44,USVAST1CU,1,"{""LeadingQuestionId"":42,""Country"":""US"",""Region"":""VA"",""Sequence"":1,""Question"":""Virginia has a separate return for each registration type. Some businesses may be required to file multiple returns.\n\nWhich registration do you have in Virginia?"",""QuestionCode"":null,""HelpText"":"""",""Standard"":false,""DataType"":""STRING"",""AllowMultiSelect"":true,""DomainId"":1,""LeadingQuestionAnswerId"":96,""Answer"":""Consumer use tax"",""AnswerHelpText"":""If your account starts with 14, you are registered to report self-assessed consumer use tax on purchases."",""NextQuestionId"":44,""TaxFormCode"":""[\""USVAST1CU\""]""}"
US,VA,2,44,97,Are you required to make accelerated payments in Virginia?,,Yes,,"Some taxpayers are required to pay an annual accelerated payment. If you're required to submit an accelerated payment, the State of Virginia sends you a notice telling you how much to pay.",BOOLEAN,False,1,,USVAPREPAY,1,"{""LeadingQuestionId"":44,""Country"":""US"",""Region"":""VA"",""Sequence"":2,""Question"":""Are you required to make accelerated payments in Virginia?"",""QuestionCode"":null,""HelpText"":""Some taxpayers are required to pay an annual accelerated payment. If you're required to submit an accelerated payment, the State of Virginia sends you a notice telling you how much to pay."",""Standard"":false,""DataType"":""BOOLEAN"",""AllowMultiSelect"":false,""DomainId"":1,""LeadingQuestionAnswerId"":97,""Answer"":""Yes"",""AnswerHelpText"":"""",""NextQuestionId"":null,""TaxFormCode"":""[\""USVAPREPAY\""]""}"
US,VA,2,44,98,Are you required to make accelerated payments in Virginia?,,No,,"Some taxpayers are required to pay an annual accelerated payment. If you're required to submit an accelerated payment, the State of Virginia sends you a notice telling you how much to pay.",BOOLEAN,False,1,,,0,"{""LeadingQuestionId"":44,""Country"":""US"",""Region"":""VA"",""Sequence"":2,""Question"":""Are you required to make accelerated payments in Virginia?"",""QuestionCode"":null,""HelpText"":""Some taxpayers are required to pay an annual accelerated payment. If you're required to submit an accelerated payment, the State of Virginia sends you a notice telling you how much to pay."",""Standard"":false,""DataType"":""BOOLEAN"",""AllowMultiSelect"":false,""DomainId"":1,""LeadingQuestionAnswerId"":98,""Answer"":""No"",""AnswerHelpText"":"""",""NextQuestionId"":null,""TaxFormCode"":""[]""}"
US,VT,1,40,89,How many physical locations have you registered in Vermont?,,None,,,STRING,False,1,,USVTSU451,1,"{""LeadingQuestionId"":40,""Country"":""US"",""Region"":""VT"",""Sequence"":1,""Question"":""How many physical locations have you registered in Vermont?"",""QuestionCode"":null,""HelpText"":"""",""Standard"":false,""DataType"":""STRING"",""AllowMultiSelect"":false,""DomainId"":1,""LeadingQuestionAnswerId"":89,""Answer"":""None"",""AnswerHelpText"":"""",""NextQuestionId"":null,""TaxFormCode"":""[\""USVTSU451\""]""}"
US,VT,1,40,90,How many physical locations have you registered in Vermont?,,One,,,STRING,False,1,41,,0,"{""LeadingQuestionId"":40,""Country"":""US"",""Region"":""VT"",""Sequence"":1,""Question"":""How many physical locations have you registered in Vermont?"",""QuestionCode"":null,""HelpText"":"""",""Standard"":false,""DataType"":""STRING"",""AllowMultiSelect"":false,""DomainId"":1,""LeadingQuestionAnswerId"":90,""Answer"":""One"",""AnswerHelpText"":"""",""NextQuestionId"":41,""TaxFormCode"":""[]""}"
US,VT,1,40,91,How many physical locations have you registered in Vermont?,,More than one,,,STRING,False,1,,USVTSU451OUTLET,1,"{""LeadingQuestionId"":40,""Country"":""US"",""Region"":""VT"",""Sequence"":1,""Question"":""How many physical locations have you registered in Vermont?"",""QuestionCode"":null,""HelpText"":"""",""Standard"":false,""DataType"":""STRING"",""AllowMultiSelect"":false,""DomainId"":1,""LeadingQuestionAnswerId"":91,""Answer"":""More than one"",""AnswerHelpText"":"""",""NextQuestionId"":null,""TaxFormCode"":""[\""USVTSU451OUTLET\""]""}"
US,VT,2,41,92,Do you ship products to Vermont from out of state?,,Yes,,,BOOLEAN,False,1,,USVTSU451OUTLET,1,"{""LeadingQuestionId"":41,""Country"":""US"",""Region"":""VT"",""Sequence"":2,""Question"":""Do you ship products to Vermont from out of state?"",""QuestionCode"":null,""HelpText"":"""",""Standard"":false,""DataType"":""BOOLEAN"",""AllowMultiSelect"":false,""DomainId"":1,""LeadingQuestionAnswerId"":92,""Answer"":""Yes"",""AnswerHelpText"":"""",""NextQuestionId"":null,""TaxFormCode"":""[\""USVTSU451OUTLET\""]""}"
US,VT,2,41,93,Do you ship products to Vermont from out of state?,,No,,,BOOLEAN,False,1,,USVTSU451,1,"{""LeadingQuestionId"":41,""Country"":""US"",""Region"":""VT"",""Sequence"":2,""Question"":""Do you ship products to Vermont from out of state?"",""QuestionCode"":null,""HelpText"":"""",""Standard"":false,""DataType"":""BOOLEAN"",""AllowMultiSelect"":false,""DomainId"":1,""LeadingQuestionAnswerId"":93,""Answer"":""No"",""AnswerHelpText"":"""",""NextQuestionId"":null,""TaxFormCode"":""[\""USVTSU451\""]""}"
US,WA,1,63,125,,,,,,,False,1,,USWAMULTIPURPOSEST,1,"{""LeadingQuestionId"":63,""Country"":""US"",""Region"":""WA"",""Sequence"":1,""Question"":"""",""QuestionCode"":null,""HelpText"":"""",""Standard"":false,""DataType"":"""",""AllowMultiSelect"":false,""DomainId"":1,""LeadingQuestionAnswerId"":125,""Answer"":"""",""AnswerHelpText"":"""",""NextQuestionId"":null,""TaxFormCode"":""[\""USWAMULTIPURPOSEST\""]""}"
US,WV,1,64,126,,,,,,,False,1,,USWVCST200CU,1,"{""LeadingQuestionId"":64,""Country"":""US"",""Region"":""WV"",""Sequence"":1,""Question"":"""",""QuestionCode"":null,""HelpText"":"""",""Standard"":false,""DataType"":"""",""AllowMultiSelect"":false,""DomainId"":1,""LeadingQuestionAnswerId"":126,""Answer"":"""",""AnswerHelpText"":"""",""NextQuestionId"":null,""TaxFormCode"":""[\""USWVCST200CU\""]""}"
US,WI,1,45,99,Are you registered to file premier resort area tax in addition to the normal sales tax rate?,,Yes,,,BOOLEAN,False,1,,USWIST12CT | USWIPREMIERRESORT,2,"{""LeadingQuestionId"":45,""Country"":""US"",""Region"":""WI"",""Sequence"":1,""Question"":""Are you registered to file premier resort area tax in addition to the normal sales tax rate?"",""QuestionCode"":null,""HelpText"":"""",""Standard"":false,""DataType"":""BOOLEAN"",""AllowMultiSelect"":false,""DomainId"":1,""LeadingQuestionAnswerId"":99,""Answer"":""Yes"",""AnswerHelpText"":"""",""NextQuestionId"":null,""TaxFormCode"":""[\""USWIST12CT\"",\""USWIPREMIERRESORT\""]""}"
US,WI,1,45,100,Are you registered to file premier resort area tax in addition to the normal sales tax rate?,,No,,,BOOLEAN,False,1,,USWIST12CT,1,"{""LeadingQuestionId"":45,""Country"":""US"",""Region"":""WI"",""Sequence"":1,""Question"":""Are you registered to file premier resort area tax in addition to the normal sales tax rate?"",""QuestionCode"":null,""HelpText"":"""",""Standard"":false,""DataType"":""BOOLEAN"",""AllowMultiSelect"":false,""DomainId"":1,""LeadingQuestionAnswerId"":100,""Answer"":""No"",""AnswerHelpText"":"""",""NextQuestionId"":null,""TaxFormCode"":""[\""USWIST12CT\""]""}"
US,WY,1,46,101,How often are you required to file a return in Wyoming?,,Monthly,,,STRING,False,1,,USWYF41,1,"{""LeadingQuestionId"":46,""Country"":""US"",""Region"":""WY"",""Sequence"":1,""Question"":""How often are you required to file a return in Wyoming?"",""QuestionCode"":null,""HelpText"":"""",""Standard"":false,""DataType"":""STRING"",""AllowMultiSelect"":false,""DomainId"":1,""LeadingQuestionAnswerId"":101,""Answer"":""Monthly"",""AnswerHelpText"":"""",""NextQuestionId"":null,""TaxFormCode"":""[\""USWYF41\""]""}"
US,WY,1,46,102,How often are you required to file a return in Wyoming?,,Quarterly,,,STRING,False,1,,USWYF41,1,"{""LeadingQuestionId"":46,""Country"":""US"",""Region"":""WY"",""Sequence"":1,""Question"":""How often are you required to file a return in Wyoming?"",""QuestionCode"":null,""HelpText"":"""",""Standard"":false,""DataType"":""STRING"",""AllowMultiSelect"":false,""DomainId"":1,""LeadingQuestionAnswerId"":102,""Answer"":""Quarterly"",""AnswerHelpText"":"""",""NextQuestionId"":null,""TaxFormCode"":""[\""USWYF41\""]""}"
US,WY,1,46,103,How often are you required to file a return in Wyoming?,,Annually,,,STRING,False,1,,USWYF421,1,"{""LeadingQuestionId"":46,""Country"":""US"",""Region"":""WY"",""Sequence"":1,""Question"":""How often are you required to file a return in Wyoming?"",""QuestionCode"":null,""HelpText"":"""",""Standard"":false,""DataType"":""STRING"",""AllowMultiSelect"":false,""DomainId"":1,""LeadingQuestionAnswerId"":103,""Answer"":""Annually"",""AnswerHelpText"":"""",""NextQuestionId"":null,""TaxFormCode"":""[\""USWYF421\""]""}"
US,WY,1,46,104,How often are you required to file a return in Wyoming?,,Occasionally,"If your business is registered as an occasional vendor, you file returns only when you have sales to report.",,STRING,False,1,,USWYF43,1,"{""LeadingQuestionId"":46,""Country"":""US"",""Region"":""WY"",""Sequence"":1,""Question"":""How often are you required to file a return in Wyoming?"",""QuestionCode"":null,""HelpText"":"""",""Standard"":false,""DataType"":""STRING"",""AllowMultiSelect"":false,""DomainId"":1,""LeadingQuestionAnswerId"":104,""Answer"":""Occasionally"",""AnswerHelpText"":""If your business is registered as an occasional vendor, you file returns only when you have sales to report."",""NextQuestionId"":null,""TaxFormCode"":""[\""USWYF43\""]""}"
