companyId,country,createdDate,createdUserId,effectiveDate,hasLocalNexus,hasPermanentEstablishment,id,isSSTActive,isSellerImporterOfRecord,jurisCode,jurisName,jurisTypeId,jurisdictionTypeId,localNexusTypeId,modifiedDate,modifiedUserId,nexusTaxTypeGroup,nexusTypeId,region,shortName,signatureCode,stateAssignedNo,streamlinedSalesTax,taxId,taxTypeGroup
6359760,US,2024-08-29T14:10:35.98Z,6664165,2023-08-29,False,True,45383046,False,False,US,UNITED STATES,CNT,Country,Selected,2024-08-29T14:10:35.98Z,6664165,SalesAndUse,SalesOrSellersUseTax,US,US,,,False,,SalesAndUse
6359760,US,2024-08-29T14:10:35.987Z,6664165,2023-08-29,False,True,45383047,False,False,48,TEXAS,STA,State,Selected,2024-08-29T14:14:52.34Z,6664165,SalesAndUse,SalesOrSellersUseTax,TX,TX,,,False,,SalesAndUse
6359760,US,2024-08-29T14:21:51.977Z,6664165,2023-08-29,False,True,45383321,False,False,01,ALABAMA,STA,State,Selected,2024-08-29T14:21:51.977Z,6664165,SalesAndUse,SalesOrSellersUseTax,AL,AL,,,False,,SalesAndUse
6359760,US,2024-08-29T14:21:51.98Z,6664165,2023-08-29,True,True,45383323,False,False,04,ARIZONA,STA,State,All,2024-08-29T14:21:51.98Z,6664165,SalesAndUse,SalesTax,AZ,AZ,,,False,,SalesAndUse
6359760,US,2024-08-29T14:21:51.983Z,6664165,2023-08-29,False,True,45383324,False,False,05,ARKANSAS,STA,State,Selected,2024-08-29T14:21:51.983Z,6664165,SalesAndUse,SalesOrSellersUseTax,AR,AR,,,True,,SalesAndUse
6359760,US,2024-08-29T14:21:51.983Z,6664165,2023-08-29,True,True,45383325,False,False,06,CALIFORNIA,STA,State,All,2024-08-29T14:21:51.983Z,6664165,SalesAndUse,SalesOrSellersUseTax,CA,CA,,,False,,SalesAndUse
6359760,US,2024-08-29T14:21:51.987Z,6664165,2023-08-29,False,True,45383326,False,False,08,COLORADO,STA,State,Selected,2024-08-29T14:21:51.987Z,6664165,SalesAndUse,SalesTax,CO,CO,,,False,,SalesAndUse
6359760,US,2024-08-29T14:21:51.987Z,6664165,2023-08-29,False,True,45383327,False,False,09,CONNECTICUT,STA,State,Selected,2024-08-29T14:21:51.987Z,6664165,SalesAndUse,SalesTax,CT,CT,,,False,,SalesAndUse
6359760,US,2024-08-29T14:21:51.99Z,6664165,2023-08-29,False,True,45383328,False,False,12,FLORIDA,STA,State,Selected,2024-08-29T14:21:51.99Z,6664165,SalesAndUse,SalesTax,FL,FL,,,False,,SalesAndUse
6359760,US,2024-08-29T14:21:51.99Z,6664165,2023-08-29,False,True,45383329,False,False,13,GEORGIA,STA,State,Selected,2024-08-29T14:21:51.99Z,6664165,SalesAndUse,SalesTax,GA,GA,,,True,,SalesAndUse
6359760,US,2024-08-29T14:21:51.993Z,6664165,2023-08-29,False,True,45383330,False,False,15,HAWAII,STA,State,Selected,2024-08-29T14:21:51.993Z,6664165,SalesAndUse,SalesTax,HI,HI,,,False,,SalesAndUse
6359760,US,2024-08-29T14:21:51.993Z,6664165,2023-08-29,False,True,45383331,False,False,16,IDAHO,STA,State,Selected,2024-08-29T14:21:51.993Z,6664165,SalesAndUse,SalesOrSellersUseTax,ID,ID,,,False,,SalesAndUse
6359760,US,2024-08-29T14:21:51.993Z,6664165,2023-08-29,False,True,45383332,False,False,17,ILLINOIS,STA,State,Selected,2025-01-08T16:53:59.723Z,6666765,SalesAndUse,SalesTax,IL,IL,,,False,,SalesAndUse
6359760,US,2024-08-29T14:21:51.997Z,6664165,2023-08-29,False,True,45383333,False,False,18,INDIANA,STA,State,Selected,2024-08-29T14:21:51.997Z,6664165,SalesAndUse,SalesTax,IN,IN,,,True,,SalesAndUse
6359760,US,2024-08-29T14:21:51.997Z,6664165,2023-08-29,False,True,45383334,False,False,19,IOWA,STA,State,Selected,2024-08-29T14:21:51.997Z,6664165,SalesAndUse,SalesOrSellersUseTax,IA,IA,,,True,,SalesAndUse
6359760,US,2024-08-29T14:21:52Z,6664165,2023-08-29,False,True,45383335,False,False,20,KANSAS,STA,State,Selected,2024-08-29T14:21:52Z,6664165,SalesAndUse,SalesOrSellersUseTax,KS,KS,,,True,,SalesAndUse
6359760,US,2024-08-29T14:21:52Z,6664165,2023-08-29,False,True,45383336,False,False,21,KENTUCKY,STA,State,Selected,2024-08-29T14:21:52Z,6664165,SalesAndUse,SalesTax,KY,KY,,,True,,SalesAndUse
6359760,US,2024-08-29T14:21:52.003Z,6664165,2023-08-29,True,True,45383337,False,False,22,LOUISIANA,STA,State,All,2025-01-08T16:52:51.48Z,6666765,SalesAndUse,SalesOrSellersUseTax,LA,LA,,,False,,SalesAndUse
6359760,US,2024-08-29T14:21:52.003Z,6664165,2023-08-29,False,True,45383338,False,False,23,MAINE,STA,State,Selected,2024-08-29T14:21:52.003Z,6664165,SalesAndUse,SalesTax,ME,ME,,,False,,SalesAndUse
6359760,US,2024-08-29T14:21:52.007Z,6664165,2023-08-29,False,True,45383339,False,False,24,MARYLAND,STA,State,Selected,2024-08-29T14:21:52.007Z,6664165,SalesAndUse,SalesTax,MD,MD,,,False,,SalesAndUse
6359760,US,2024-08-29T14:21:52.007Z,6664165,2023-08-29,False,True,45383340,False,False,25,MASSACHUSETTS,STA,State,Selected,2024-08-29T14:21:52.007Z,6664165,SalesAndUse,SalesTax,MA,MA,,,False,,SalesAndUse
6359760,US,2024-08-29T14:21:52.01Z,6664165,2023-08-29,False,True,45383341,False,False,26,MICHIGAN,STA,State,Selected,2025-01-08T14:22:01.59Z,6666765,SalesAndUse,SalesTax,MI,MI,,,True,,SalesAndUse
6359760,US,2024-08-29T14:21:52.01Z,6664165,2023-08-29,False,True,45383342,False,False,27,MINNESOTA,STA,State,Selected,2024-08-29T14:21:52.01Z,6664165,SalesAndUse,SalesTax,MN,MN,,,True,,SalesAndUse
6359760,US,2024-08-29T14:21:52.01Z,6664165,2023-08-29,False,True,45383343,False,False,28,MISSISSIPPI,STA,State,Selected,2024-08-29T14:21:52.01Z,6664165,SalesAndUse,SalesOrSellersUseTax,MS,MS,,,False,,SalesAndUse
6359760,US,2024-08-29T14:21:52.013Z,6664165,2023-08-29,False,True,45383344,False,False,29,MISSOURI,STA,State,Selected,2025-02-18T20:22:47.96Z,6697745,SalesAndUse,SalesOrSellersUseTax,MO,MO,,,False,,SalesAndUse
6359760,US,2024-08-29T14:21:52.017Z,6664165,2023-08-29,False,True,45383345,False,False,30,MONTANA,STA,State,Selected,2024-08-29T14:21:52.017Z,6664165,SalesAndUse,SalesTax,MT,MT,,,False,,SalesAndUse
6359760,US,2024-08-29T14:21:52.017Z,6664165,2023-08-29,False,True,45383346,False,False,31,NEBRASKA,STA,State,Selected,2024-08-29T14:21:52.017Z,6664165,SalesAndUse,SalesTax,NE,NE,,,True,,SalesAndUse
6359760,US,2024-08-29T14:21:52.017Z,6664165,2023-08-29,False,True,45383347,False,False,32,NEVADA,STA,State,Selected,2024-08-29T14:21:52.017Z,6664165,SalesAndUse,SalesTax,NV,NV,,,True,,SalesAndUse
6359760,US,2024-08-29T14:21:52.02Z,6664165,2023-08-29,False,True,45383348,False,False,34,NEW JERSEY,STA,State,Selected,2024-08-29T14:21:52.02Z,6664165,SalesAndUse,SalesTax,NJ,NJ,,,True,,SalesAndUse
6359760,US,2024-08-29T14:21:52.02Z,6664165,2023-08-29,False,True,45383349,False,False,35,NEW MEXICO,STA,State,Selected,2024-08-29T14:21:52.02Z,6664165,SalesAndUse,SalesOrSellersUseTax,NM,NM,,,False,,SalesAndUse
6359760,US,2024-08-29T14:21:52.023Z,6664165,2023-08-29,False,True,45383350,False,False,36,NEW YORK,STA,State,Selected,2024-08-29T14:21:52.023Z,6664165,SalesAndUse,SalesTax,NY,NY,,,False,,SalesAndUse
6359760,US,2024-08-29T14:21:52.023Z,6664165,2023-08-29,False,True,45383351,False,False,37,NORTH CAROLINA,STA,State,Selected,2024-08-29T14:21:52.023Z,6664165,SalesAndUse,SalesTax,NC,NC,,,True,,SalesAndUse
6359760,US,2024-08-29T14:21:52.023Z,6664165,2023-08-29,False,True,45383352,False,False,38,NORTH DAKOTA,STA,State,Selected,2024-08-29T14:21:52.023Z,6664165,SalesAndUse,SalesTax,ND,ND,,,True,,SalesAndUse
6359760,US,2024-08-29T14:21:52.027Z,6664165,2023-08-29,False,True,45383353,False,False,39,OHIO,STA,State,Selected,2024-08-29T14:21:52.027Z,6664165,SalesAndUse,SalesOrSellersUseTax,OH,OH,,,True,,SalesAndUse
6359760,US,2024-08-29T14:21:52.027Z,6664165,2023-08-29,False,True,45383354,False,False,40,OKLAHOMA,STA,State,Selected,2025-01-09T20:46:05.08Z,6664165,SalesAndUse,SalesTax,OK,OK,,,True,,SalesAndUse
6359760,US,2024-08-29T14:21:52.03Z,6664165,2023-08-29,False,True,45383355,False,False,42,PENNSYLVANIA,STA,State,Selected,2024-08-29T14:21:52.03Z,6664165,SalesAndUse,SalesOrSellersUseTax,PA,PA,,,True,,SalesAndUse
6359760,US,2024-08-29T14:21:52.03Z,6664165,2023-08-29,False,True,45383356,False,False,45,SOUTH CAROLINA,STA,State,Selected,2024-08-29T14:21:52.03Z,6664165,SalesAndUse,SalesTax,SC,SC,,,False,,SalesAndUse
6359760,US,2024-08-29T14:21:52.03Z,6664165,2023-08-29,False,True,45383357,False,False,46,SOUTH DAKOTA,STA,State,Selected,2024-08-29T14:21:52.03Z,6664165,SalesAndUse,SalesTax,SD,SD,,,True,,SalesAndUse
6359760,US,2024-08-29T14:21:52.033Z,6664165,2023-08-29,False,True,45383358,False,False,47,TENNESSEE,STA,State,Selected,2024-08-29T14:21:52.033Z,6664165,SalesAndUse,SalesOrSellersUseTax,TN,TN,,,True,,SalesAndUse
6359760,US,2024-08-29T14:21:52.033Z,6664165,2023-08-29,False,True,45383359,False,False,49,UTAH,STA,State,Selected,2024-08-29T14:21:52.033Z,6664165,SalesAndUse,SalesOrSellersUseTax,UT,UT,,,True,,SalesAndUse
6359760,US,2024-08-29T14:21:52.033Z,6664165,2023-08-29,False,True,45383360,False,False,51,VIRGINIA,STA,State,Selected,2024-08-29T14:21:52.033Z,6664165,SalesAndUse,SalesOrSellersUseTax,VA,VA,,,False,,SalesAndUse
6359760,US,2024-08-29T14:21:52.037Z,6664165,2023-08-29,False,True,45383361,False,False,53,WASHINGTON,STA,State,Selected,2024-08-29T14:21:52.037Z,6664165,SalesAndUse,SalesTax,WA,WA,,,True,,SalesAndUse
6359760,US,2024-08-29T14:21:52.037Z,6664165,2023-08-29,False,True,45383362,False,False,54,WEST VIRGINIA,STA,State,Selected,2024-08-29T14:21:52.037Z,6664165,SalesAndUse,SalesTax,WV,WV,,,True,,SalesAndUse
6359760,US,2024-08-29T14:21:52.037Z,6664165,2023-08-29,False,True,45383363,False,False,55,WISCONSIN,STA,State,Selected,2024-08-29T14:21:52.037Z,6664165,SalesAndUse,SalesTax,WI,WI,,,True,,SalesAndUse
6359760,US,2024-08-29T14:21:52.04Z,6664165,2023-08-29,False,True,45383364,False,False,56,WYOMING,STA,State,Selected,2024-08-29T14:21:52.04Z,6664165,SalesAndUse,SalesTax,WY,WY,,,True,,SalesAndUse
6359760,US,2024-08-29T14:27:11.463Z,6664165,2023-08-29,False,True,45383547,False,False,NXAQ0,NEW JERSEY MOTORSPORTS PARK,STJ,Special,Selected,2024-08-29T14:27:11.463Z,6664165,SalesAndUse,SalesTax,NJ,NEW JERSEY MOTO,,,True,,SalesAndUse
6359760,US,2024-08-29T14:27:11.467Z,6664165,2023-08-29,False,True,45383548,False,False,NFUA0,GRAND TARGHEE RESORT DISTRICT SP,STJ,Special,Selected,2024-08-29T14:27:11.467Z,6664165,SalesAndUse,SalesTax,WY,GRAND TARGHEE R,,,True,,SalesAndUse
6359760,US,2024-08-29T14:27:11.467Z,6664165,2023-08-29,False,True,45383549,False,False,NFTZ0,TETON VILLAGE RESORT DISTRICT SP,STJ,Special,Selected,2024-08-29T14:27:11.467Z,6664165,SalesAndUse,SalesTax,WY,TETON VILLAGE R,,,True,,SalesAndUse
6359760,CA,2025-03-13T20:01:02.553Z,6664165,2024-03-13,True,False,46823031,False,False,CA,CANADA,CNT,Country,Selected,2025-08-06T21:18:05.65Z,6664165,InputAndOutput,SalesOrSellersUseTax,CA,CA,,,False,780383162RT0001,InputAndOutput
6359760,US,2025-04-02T14:27:24.763Z,6664165,2024-04-02,False,True,46956730,False,False,089,MADISON,CTY,County,Selected,2025-04-02T14:27:24.763Z,6664165,SalesAndUse,SalesOrSellersUseTax,AL,MADISON,,,False,,SalesAndUse
6359760,CA,2025-04-07T15:29:22.997Z,6664165,2024-04-07,False,False,46983090,False,False,AB,ALBERTA,STA,State,Selected,2025-04-07T15:29:22.997Z,6664165,InputAndOutput,SalesOrSellersUseTax,AB,AB,,,False,,InputAndOutput
6359760,CA,2025-04-07T15:29:23.003Z,6664165,2024-04-07,False,False,46983091,False,False,BC,BRITISH COLUMBIA,STA,State,Selected,2025-04-07T15:29:23.003Z,6664165,InputAndOutput,SalesOrSellersUseTax,BC,BC,,,False,,InputAndOutput
6359760,CA,2025-04-07T15:29:23.34Z,6664165,2024-04-07,False,False,46983094,False,False,MB,MANITOBA,STA,State,Selected,2025-04-07T15:29:23.34Z,6664165,InputAndOutput,SalesOrSellersUseTax,MB,MB,,,False,,InputAndOutput
6359760,CA,2025-04-07T15:29:23.347Z,6664165,2024-04-07,False,False,46983095,False,False,NB,NEW BRUNSWICK,STA,State,Selected,2025-04-07T15:29:23.347Z,6664165,InputAndOutput,SalesOrSellersUseTax,NB,NB,,,False,,InputAndOutput
6359760,CA,2025-04-07T15:29:23.353Z,6664165,2024-04-07,False,False,46983096,False,False,NL,NEWFOUNDLAND AND LABRADOR,STA,State,Selected,2025-04-07T15:29:23.353Z,6664165,InputAndOutput,SalesOrSellersUseTax,NL,NL,,,False,,InputAndOutput
6359760,CA,2025-04-07T15:29:23.363Z,6664165,2024-04-07,False,False,46983097,False,False,NT,NORTHWEST TERRITORIES,STA,State,Selected,2025-04-07T15:29:23.363Z,6664165,InputAndOutput,SalesOrSellersUseTax,NT,NT,,,False,,InputAndOutput
6359760,CA,2025-04-07T15:29:23.377Z,6664165,2024-04-07,False,False,46983098,False,False,NS,NOVA SCOTIA,STA,State,Selected,2025-04-07T15:29:23.377Z,6664165,InputAndOutput,SalesOrSellersUseTax,NS,NS,,,False,,InputAndOutput
6359760,CA,2025-04-07T15:29:23.38Z,6664165,2024-04-07,False,False,46983099,False,False,NU,NUNAVUT,STA,State,Selected,2025-04-07T15:29:23.38Z,6664165,InputAndOutput,SalesOrSellersUseTax,NU,NU,,,False,,InputAndOutput
6359760,CA,2025-04-07T15:29:23.39Z,6664165,2024-04-07,False,False,46983100,False,False,ON,ONTARIO,STA,State,Selected,2025-04-07T15:29:23.39Z,6664165,InputAndOutput,SalesOrSellersUseTax,ON,ON,,,False,,InputAndOutput
6359760,CA,2025-04-07T15:29:23.393Z,6664165,2024-04-07,False,False,46983101,False,False,PE,PRINCE EDWARD ISLAND,STA,State,Selected,2025-04-07T15:29:23.393Z,6664165,InputAndOutput,SalesOrSellersUseTax,PE,PE,,,False,,InputAndOutput
6359760,CA,2025-04-07T15:29:23.407Z,6664165,2024-04-07,False,False,46983102,False,False,QC,QUEBEC,STA,State,Selected,2025-04-07T15:29:23.407Z,6664165,InputAndOutput,SalesOrSellersUseTax,QC,QC,,,False,,InputAndOutput
6359760,CA,2025-04-07T15:29:23.417Z,6664165,2024-04-07,False,False,46983103,False,False,SK,SASKATCHEWAN,STA,State,Selected,2025-04-07T15:29:23.417Z,6664165,InputAndOutput,SalesOrSellersUseTax,SK,SK,,,False,,InputAndOutput
6359760,CA,2025-04-07T15:29:23.423Z,6664165,2024-04-07,False,False,46983104,False,False,YT,YUKON,STA,State,Selected,2025-04-07T15:29:23.423Z,6664165,InputAndOutput,SalesOrSellersUseTax,YT,YT,,,False,,InputAndOutput
6359760,US,2025-05-21T14:37:06.337Z,6664165,2025-05-21,False,True,47282007,False,False,117,SHELBY,CTY,County,Selected,2025-05-21T14:37:06.337Z,6664165,SalesAndUse,SalesOrSellersUseTax,AL,SHELBY,,7058,False,,SalesAndUse
6359760,US,2025-05-21T14:38:55.597Z,6664165,2025-05-21,False,True,47282008,False,False,001,AUTAUGA,CTY,County,Selected,2025-05-21T14:38:55.597Z,6664165,SalesAndUse,SalesOrSellersUseTax,AL,AUTAUGA,,,False,,SalesAndUse
6359760,US,2025-05-21T14:38:55.597Z,6664165,2025-05-21,False,True,47282009,False,False,003,BALDWIN,CTY,County,Selected,2025-05-21T14:38:55.597Z,6664165,SalesAndUse,SalesOrSellersUseTax,AL,BALDWIN,,7002,False,,SalesAndUse
6359760,US,2025-05-21T14:38:55.597Z,6664165,2025-05-21,False,True,47282010,False,False,005,BARBOUR,CTY,County,Selected,2025-05-21T14:38:55.597Z,6664165,SalesAndUse,SalesOrSellersUseTax,AL,BARBOUR,,7003,False,,SalesAndUse
6359760,US,2025-05-21T14:38:55.597Z,6664165,2025-05-21,False,True,47282011,False,False,007,BIBB,CTY,County,Selected,2025-05-21T14:38:55.597Z,6664165,SalesAndUse,SalesOrSellersUseTax,AL,BIBB,,7004,False,,SalesAndUse
6359760,US,2025-05-21T14:38:55.6Z,6664165,2025-05-21,False,True,47282012,False,False,009,BLOUNT,CTY,County,Selected,2025-05-21T14:38:55.6Z,6664165,SalesAndUse,SalesOrSellersUseTax,AL,BLOUNT,,7005,False,,SalesAndUse
6359760,US,2025-05-21T14:38:55.6Z,6664165,2025-05-21,False,True,47282013,False,False,011,BULLOCK,CTY,County,Selected,2025-05-21T14:38:55.6Z,6664165,SalesAndUse,SalesOrSellersUseTax,AL,BULLOCK,,,False,,SalesAndUse
6359760,US,2025-05-21T14:38:55.6Z,6664165,2025-05-21,False,True,47282014,False,False,013,BUTLER,CTY,County,Selected,2025-05-21T14:38:55.6Z,6664165,SalesAndUse,SalesOrSellersUseTax,AL,BUTLER,,,False,,SalesAndUse
6359760,US,2025-05-21T14:38:55.6Z,6664165,2025-05-21,False,True,47282015,False,False,015,CALHOUN,CTY,County,Selected,2025-05-21T14:38:55.6Z,6664165,SalesAndUse,SalesOrSellersUseTax,AL,CALHOUN,,,False,,SalesAndUse
6359760,US,2025-05-21T14:38:55.6Z,6664165,2025-05-21,False,True,47282016,False,False,017,CHAMBERS,CTY,County,Selected,2025-05-21T14:38:55.6Z,6664165,SalesAndUse,SalesOrSellersUseTax,AL,CHAMBERS,,,False,,SalesAndUse
6359760,US,2025-05-21T14:38:55.6Z,6664165,2025-05-21,False,True,47282017,False,False,019,CHEROKEE,CTY,County,Selected,2025-05-21T14:38:55.6Z,6664165,SalesAndUse,SalesOrSellersUseTax,AL,CHEROKEE,,,False,,SalesAndUse
6359760,US,2025-05-21T14:38:55.603Z,6664165,2025-05-21,False,True,47282018,False,False,021,CHILTON,CTY,County,Selected,2025-05-21T14:38:55.603Z,6664165,SalesAndUse,SalesOrSellersUseTax,AL,CHILTON,,7011,False,,SalesAndUse
6359760,US,2025-05-21T14:38:55.603Z,6664165,2025-05-21,False,True,47282019,False,False,023,CHOCTAW,CTY,County,Selected,2025-05-21T14:38:55.603Z,6664165,SalesAndUse,SalesOrSellersUseTax,AL,CHOCTAW,,7012,False,,SalesAndUse
6359760,US,2025-05-21T14:38:55.603Z,6664165,2025-05-21,False,True,47282020,False,False,025,CLARKE,CTY,County,Selected,2025-05-21T14:38:55.603Z,6664165,SalesAndUse,SalesOrSellersUseTax,AL,CLARKE,,7013,False,,SalesAndUse
6359760,US,2025-05-21T14:38:55.603Z,6664165,2025-05-21,False,True,47282021,False,False,027,CLAY,CTY,County,Selected,2025-05-21T14:38:55.603Z,6664165,SalesAndUse,SalesOrSellersUseTax,AL,CLAY,,7014,False,,SalesAndUse
6359760,US,2025-05-21T14:38:55.603Z,6664165,2025-05-21,False,True,47282022,False,False,029,CLEBURNE,CTY,County,Selected,2025-05-21T14:38:55.603Z,6664165,SalesAndUse,SalesOrSellersUseTax,AL,CLEBURNE,,7015,False,,SalesAndUse
6359760,US,2025-05-21T14:38:55.603Z,6664165,2025-05-21,False,True,47282023,False,False,031,COFFEE,CTY,County,Selected,2025-05-21T14:38:55.603Z,6664165,SalesAndUse,SalesOrSellersUseTax,AL,COFFEE,,7016,False,,SalesAndUse
6359760,US,2025-05-21T14:38:55.607Z,6664165,2025-05-21,False,True,47282024,False,False,033,COLBERT,CTY,County,Selected,2025-05-21T14:38:55.607Z,6664165,SalesAndUse,SalesOrSellersUseTax,AL,COLBERT,,7017,False,,SalesAndUse
6359760,US,2025-05-21T14:38:55.607Z,6664165,2025-05-21,False,True,47282025,False,False,035,CONECUH,CTY,County,Selected,2025-05-21T14:38:55.607Z,6664165,SalesAndUse,SalesOrSellersUseTax,AL,CONECUH,,7018,False,,SalesAndUse
6359760,US,2025-05-21T14:38:55.607Z,6664165,2025-05-21,False,True,47282026,False,False,037,COOSA,CTY,County,Selected,2025-05-21T14:38:55.607Z,6664165,SalesAndUse,SalesOrSellersUseTax,AL,COOSA,,,False,,SalesAndUse
6359760,US,2025-05-21T14:38:55.607Z,6664165,2025-05-21,False,True,47282027,False,False,039,COVINGTON,CTY,County,Selected,2025-05-21T14:38:55.607Z,6664165,SalesAndUse,SalesOrSellersUseTax,AL,COVINGTON,,7020,False,,SalesAndUse
6359760,US,2025-05-21T14:38:55.61Z,6664165,2025-05-21,False,True,47282028,False,False,041,CRENSHAW,CTY,County,Selected,2025-05-21T14:38:55.61Z,6664165,SalesAndUse,SalesOrSellersUseTax,AL,CRENSHAW,,,False,,SalesAndUse
6359760,US,2025-05-21T14:38:55.61Z,6664165,2025-05-21,False,True,47282029,False,False,043,CULLMAN,CTY,County,Selected,2025-05-21T14:38:55.61Z,6664165,SalesAndUse,SalesOrSellersUseTax,AL,CULLMAN,,,False,,SalesAndUse
6359760,US,2025-05-21T14:38:55.613Z,6664165,2025-05-21,False,True,47282030,False,False,045,DALE,CTY,County,Selected,2025-05-21T14:38:55.613Z,6664165,SalesAndUse,SalesOrSellersUseTax,AL,DALE,,,False,,SalesAndUse
6359760,US,2025-05-21T14:38:55.617Z,6664165,2025-05-21,False,True,47282031,False,False,047,DALLAS,CTY,County,Selected,2025-05-21T14:38:55.617Z,6664165,SalesAndUse,SalesOrSellersUseTax,AL,DALLAS,,7024,False,,SalesAndUse
6359760,US,2025-05-21T14:38:55.617Z,6664165,2025-05-21,False,True,47282032,False,False,049,DE KALB,CTY,County,Selected,2025-05-21T14:38:55.617Z,6664165,SalesAndUse,SalesOrSellersUseTax,AL,DE KALB,,7025,False,,SalesAndUse
6359760,US,2025-05-21T14:38:55.617Z,6664165,2025-05-21,False,True,47282033,False,False,051,ELMORE,CTY,County,Selected,2025-05-21T14:38:55.617Z,6664165,SalesAndUse,SalesOrSellersUseTax,AL,ELMORE,,,False,,SalesAndUse
6359760,US,2025-05-21T14:38:55.617Z,6664165,2025-05-21,False,True,47282034,False,False,053,ESCAMBIA,CTY,County,Selected,2025-05-21T14:38:55.617Z,6664165,SalesAndUse,SalesOrSellersUseTax,AL,ESCAMBIA,,,False,,SalesAndUse
6359760,US,2025-05-21T14:38:55.617Z,6664165,2025-05-21,False,True,47282035,False,False,055,ETOWAH,CTY,County,Selected,2025-05-21T14:38:55.617Z,6664165,SalesAndUse,SalesOrSellersUseTax,AL,ETOWAH,,7028,False,,SalesAndUse
6359760,US,2025-05-21T14:38:55.62Z,6664165,2025-05-21,False,True,47282036,False,False,057,FAYETTE,CTY,County,Selected,2025-05-21T14:38:55.62Z,6664165,SalesAndUse,SalesOrSellersUseTax,AL,FAYETTE,,7029,False,,SalesAndUse
6359760,US,2025-05-21T14:38:55.623Z,6664165,2025-05-21,False,True,47282037,False,False,059,FRANKLIN,CTY,County,Selected,2025-05-21T14:38:55.623Z,6664165,SalesAndUse,SalesOrSellersUseTax,AL,FRANKLIN,,7030,False,,SalesAndUse
6359760,US,2025-05-21T14:38:55.623Z,6664165,2025-05-21,False,True,47282038,False,False,061,GENEVA,CTY,County,Selected,2025-05-21T14:38:55.623Z,6664165,SalesAndUse,SalesOrSellersUseTax,AL,GENEVA,,,False,,SalesAndUse
6359760,US,2025-05-21T14:38:55.623Z,6664165,2025-05-21,False,True,47282039,False,False,063,GREENE,CTY,County,Selected,2025-05-21T14:38:55.623Z,6664165,SalesAndUse,SalesOrSellersUseTax,AL,GREENE,,7032,False,,SalesAndUse
6359760,US,2025-05-21T14:38:55.623Z,6664165,2025-05-21,False,True,47282040,False,False,065,HALE,CTY,County,Selected,2025-05-21T14:38:55.623Z,6664165,SalesAndUse,SalesOrSellersUseTax,AL,HALE,,7033,False,,SalesAndUse
6359760,US,2025-05-21T14:38:55.627Z,6664165,2025-05-21,False,True,47282041,False,False,067,HENRY,CTY,County,Selected,2025-05-21T14:38:55.627Z,6664165,SalesAndUse,SalesOrSellersUseTax,AL,HENRY,,7034,False,,SalesAndUse
6359760,US,2025-05-21T14:38:55.627Z,6664165,2025-05-21,False,True,47282042,False,False,069,HOUSTON,CTY,County,Selected,2025-05-21T14:38:55.627Z,6664165,SalesAndUse,SalesOrSellersUseTax,AL,HOUSTON,,7035,False,,SalesAndUse
6359760,US,2025-05-21T14:38:55.627Z,6664165,2025-05-21,False,True,47282043,False,False,071,JACKSON,CTY,County,Selected,2025-05-21T14:38:55.627Z,6664165,SalesAndUse,SalesOrSellersUseTax,AL,JACKSON,,,False,,SalesAndUse
6359760,US,2025-05-21T14:38:55.63Z,6664165,2025-05-21,False,True,47282044,False,False,073,JEFFERSON,CTY,County,Selected,2025-05-21T14:38:55.63Z,6664165,SalesAndUse,SalesOrSellersUseTax,AL,JEFFERSON,,7037,False,,SalesAndUse
6359760,US,2025-05-21T14:38:55.63Z,6664165,2025-05-21,False,True,47282045,False,False,075,LAMAR,CTY,County,Selected,2025-05-21T14:38:55.63Z,6664165,SalesAndUse,SalesOrSellersUseTax,AL,LAMAR,,7038,False,,SalesAndUse
6359760,US,2025-05-21T14:38:55.63Z,6664165,2025-05-21,False,True,47282046,False,False,077,LAUDERDALE,CTY,County,Selected,2025-05-21T14:38:55.63Z,6664165,SalesAndUse,SalesOrSellersUseTax,AL,LAUDERDALE,,,False,,SalesAndUse
6359760,US,2025-05-21T14:38:55.63Z,6664165,2025-05-21,False,True,47282047,False,False,079,LAWRENCE,CTY,County,Selected,2025-05-21T14:38:55.63Z,6664165,SalesAndUse,SalesOrSellersUseTax,AL,LAWRENCE,,7040,False,,SalesAndUse
6359760,US,2025-05-21T14:38:55.633Z,6664165,2025-05-21,False,True,47282048,False,False,081,LEE,CTY,County,Selected,2025-05-21T14:38:55.633Z,6664165,SalesAndUse,SalesOrSellersUseTax,AL,LEE,,,False,,SalesAndUse
6359760,US,2025-05-21T14:38:55.633Z,6664165,2025-05-21,False,True,47282049,False,False,083,LIMESTONE,CTY,County,Selected,2025-05-21T14:38:55.633Z,6664165,SalesAndUse,SalesOrSellersUseTax,AL,LIMESTONE,,,False,,SalesAndUse
6359760,US,2025-05-21T14:38:55.633Z,6664165,2025-05-21,False,True,47282050,False,False,085,LOWNDES,CTY,County,Selected,2025-05-21T14:38:55.633Z,6664165,SalesAndUse,SalesOrSellersUseTax,AL,LOWNDES,,,False,,SalesAndUse
6359760,US,2025-05-21T14:38:55.633Z,6664165,2025-05-21,False,True,47282051,False,False,087,MACON,CTY,County,Selected,2025-05-21T14:38:55.633Z,6664165,SalesAndUse,SalesOrSellersUseTax,AL,MACON,,7044,False,,SalesAndUse
6359760,US,2025-05-21T14:38:55.637Z,6664165,2025-05-21,False,True,47282052,False,False,091,MARENGO,CTY,County,Selected,2025-05-21T14:38:55.637Z,6664165,SalesAndUse,SalesOrSellersUseTax,AL,MARENGO,,7046,False,,SalesAndUse
6359760,US,2025-05-21T14:38:55.637Z,6664165,2025-05-21,False,True,47282053,False,False,093,MARION,CTY,County,Selected,2025-05-21T14:38:55.637Z,6664165,SalesAndUse,SalesOrSellersUseTax,AL,MARION,,,False,,SalesAndUse
6359760,US,2025-05-21T14:38:55.637Z,6664165,2025-05-21,False,True,47282054,False,False,095,MARSHALL,CTY,County,Selected,2025-05-21T14:38:55.637Z,6664165,SalesAndUse,SalesOrSellersUseTax,AL,MARSHALL,,,False,,SalesAndUse
6359760,US,2025-05-21T14:38:55.64Z,6664165,2025-05-21,False,True,47282055,False,False,097,MOBILE,CTY,County,Selected,2025-05-21T14:38:55.64Z,6664165,SalesAndUse,SalesOrSellersUseTax,AL,MOBILE,,7049,False,,SalesAndUse
6359760,US,2025-05-21T14:38:55.64Z,6664165,2025-05-21,False,True,47282056,False,False,099,MONROE,CTY,County,Selected,2025-05-21T14:38:55.64Z,6664165,SalesAndUse,SalesOrSellersUseTax,AL,MONROE,,7050,False,,SalesAndUse
6359760,US,2025-05-21T14:38:55.64Z,6664165,2025-05-21,False,True,47282057,False,False,101,MONTGOMERY,CTY,County,Selected,2025-05-21T14:38:55.64Z,6664165,SalesAndUse,SalesOrSellersUseTax,AL,MONTGOMERY,,7051,False,,SalesAndUse
6359760,US,2025-05-21T14:38:55.64Z,6664165,2025-05-21,False,True,47282058,False,False,103,MORGAN,CTY,County,Selected,2025-05-21T14:38:55.64Z,6664165,SalesAndUse,SalesOrSellersUseTax,AL,MORGAN,,,False,,SalesAndUse
6359760,US,2025-05-21T14:38:55.64Z,6664165,2025-05-21,False,True,47282059,False,False,105,PERRY,CTY,County,Selected,2025-05-21T14:38:55.64Z,6664165,SalesAndUse,SalesOrSellersUseTax,AL,PERRY,,7053,False,,SalesAndUse
6359760,US,2025-05-21T14:38:55.643Z,6664165,2025-05-21,False,True,47282060,False,False,107,PICKENS,CTY,County,Selected,2025-05-21T14:38:55.643Z,6664165,SalesAndUse,SalesOrSellersUseTax,AL,PICKENS,,7054,False,,SalesAndUse
6359760,US,2025-05-21T14:38:55.643Z,6664165,2025-05-21,False,True,47282061,False,False,109,PIKE,CTY,County,Selected,2025-05-21T14:38:55.643Z,6664165,SalesAndUse,SalesOrSellersUseTax,AL,PIKE,,7055,False,,SalesAndUse
6359760,US,2025-05-21T14:38:55.643Z,6664165,2025-05-21,False,True,47282062,False,False,111,RANDOLPH,CTY,County,Selected,2025-05-21T14:38:55.643Z,6664165,SalesAndUse,SalesOrSellersUseTax,AL,RANDOLPH,,,False,,SalesAndUse
6359760,US,2025-05-21T14:38:55.643Z,6664165,2025-05-21,False,True,47282063,False,False,113,RUSSELL,CTY,County,Selected,2025-05-21T14:38:55.643Z,6664165,SalesAndUse,SalesOrSellersUseTax,AL,RUSSELL,,,False,,SalesAndUse
6359760,US,2025-05-21T14:38:55.647Z,6664165,2025-05-21,False,True,47282064,False,False,119,SUMTER,CTY,County,Selected,2025-05-21T14:38:55.647Z,6664165,SalesAndUse,SalesOrSellersUseTax,AL,SUMTER,,7060,False,,SalesAndUse
6359760,US,2025-05-21T14:38:55.647Z,6664165,2025-05-21,False,True,47282065,False,False,121,TALLADEGA,CTY,County,Selected,2025-05-21T14:38:55.647Z,6664165,SalesAndUse,SalesOrSellersUseTax,AL,TALLADEGA,,,False,,SalesAndUse
6359760,US,2025-05-21T14:38:55.647Z,6664165,2025-05-21,False,True,47282066,False,False,123,TALLAPOOSA,CTY,County,Selected,2025-05-21T14:38:55.647Z,6664165,SalesAndUse,SalesOrSellersUseTax,AL,TALLAPOOSA,,7062,False,,SalesAndUse
6359760,US,2025-05-21T14:38:55.647Z,6664165,2025-05-21,False,True,47282067,False,False,125,TUSCALOOSA,CTY,County,Selected,2025-05-21T14:38:55.647Z,6664165,SalesAndUse,SalesOrSellersUseTax,AL,TUSCALOOSA,,,False,,SalesAndUse
6359760,US,2025-05-21T14:38:55.647Z,6664165,2025-05-21,False,True,47282068,False,False,127,WALKER,CTY,County,Selected,2025-05-21T14:38:55.647Z,6664165,SalesAndUse,SalesOrSellersUseTax,AL,WALKER,,,False,,SalesAndUse
6359760,US,2025-05-21T14:38:55.647Z,6664165,2025-05-21,False,True,47282069,False,False,129,WASHINGTON,CTY,County,Selected,2025-05-21T14:38:55.647Z,6664165,SalesAndUse,SalesOrSellersUseTax,AL,WASHINGTON,,,False,,SalesAndUse
6359760,US,2025-05-21T14:38:55.65Z,6664165,2025-05-21,False,True,47282070,False,False,131,WILCOX,CTY,County,Selected,2025-05-21T14:38:55.65Z,6664165,SalesAndUse,SalesOrSellersUseTax,AL,WILCOX,,7066,False,,SalesAndUse
6359760,US,2025-05-21T14:38:55.65Z,6664165,2025-05-21,False,True,47282071,False,False,133,WINSTON,CTY,County,Selected,2025-05-21T14:38:55.65Z,6664165,SalesAndUse,SalesOrSellersUseTax,AL,WINSTON,,7067,False,,SalesAndUse
6359760,US,2025-05-22T17:01:39.88Z,6697745,2025-05-22,False,True,47296632,False,False,ADSG0,CALERA PJ (SHELBY CO),STJ,Special,Selected,2025-05-22T17:01:39.88Z,6697745,SalesAndUse,SalesOrSellersUseTax,AL,CALERA PJ,,,False,,SalesAndUse
6359760,US,2025-05-22T17:01:39.887Z,6697745,2025-05-22,False,True,47296633,False,False,ADSX0,HELENA PJ (SHELBY CO),STJ,Special,Selected,2025-05-22T17:01:39.887Z,6697745,SalesAndUse,SalesOrSellersUseTax,AL,HELENA PJ,,,False,,SalesAndUse
